1000000;74426;0;74426;13906;2769577525;0;2769577525;96681465
d;N.Acto;N.Fallo;N.Azar;N.Esf.;Acto;Fallo;Azar;Esf.
0;907;0;1;25443;0,000;NaN;0,000;0,026
1;2687;0;92;8;0,000;NaN;0,000;0,000
2;10687;0;371;10;0,000;NaN;0,000;0,000
3;11805;0;828;312;0,000;NaN;0,000;0,000
4;21452;0;1459;12;0,001;NaN;0,000;0,000
5;20600;0;2255;2407;0,001;NaN;0,000;0,002
6;31436;0;3323;5414;0,001;NaN;0,000;0,006
7;29281;0;4484;3038;0,001;NaN;0,000;0,003
8;41043;0;5934;1535;0,001;NaN;0,000;0,002
9;38559;0;7347;1271;0,001;NaN;0,000;0,001
10;51345;0;9148;1915;0,002;NaN;0,000;0,002
11;48682;0;10994;5510;0,002;NaN;0,000;0,006
12;61594;0;13185;3735;0,002;NaN;0,000;0,004
13;58434;0;15515;3207;0,002;NaN;0,001;0,003
14;71805;0;17887;9606;0,003;NaN;0,001;0,010
15;69303;0;20188;7218;0,003;NaN;0,001;0,007
16;81816;0;22912;9526;0,003;NaN;0,001;0,010
17;80497;0;26039;12523;0,003;NaN;0,001;0,013
18;92896;0;28819;7858;0,003;NaN;0,001;0,008
19;92329;0;32418;11478;0,003;NaN;0,001;0,012
20;103688;0;35713;16740;0,004;NaN;0,001;0,017
21;104617;0;39642;4227;0,004;NaN;0,001;0,004
22;113673;0;43417;6252;0,004;NaN;0,002;0,006
23;117180;0;46978;6544;0,004;NaN;0,002;0,007
24;125132;0;50961;20887;0,005;NaN;0,002;0,022
25;129097;0;55329;6121;0,005;NaN;0,002;0,006
26;136672;0;59755;7093;0,005;NaN;0,002;0,007
27;142135;0;64236;10667;0,005;NaN;0,002;0,011
28;148663;0;68670;20308;0,005;NaN;0,002;0,021
29;154816;0;74323;13664;0,006;NaN;0,003;0,014
30;160566;0;78750;9521;0,006;NaN;0,003;0,010
31;167944;0;83568;10264;0,006;NaN;0,003;0,011
32;174116;0;88682;17077;0,006;NaN;0,003;0,018
33;182467;0;93731;23407;0,007;NaN;0,003;0,024
34;186477;0;100213;23868;0,007;NaN;0,004;0,025
35;196154;0;105523;16181;0,007;NaN;0,004;0,017
36;199748;0;111831;13711;0,007;NaN;0,004;0,014
37;209321;0;117710;18838;0,008;NaN;0,004;0,019
38;213691;0;123770;17994;0,008;NaN;0,004;0,019
39;223806;0;129817;20384;0,008;NaN;0,005;0,021
40;227288;0;135637;19486;0,008;NaN;0,005;0,020
41;238176;0;143488;13062;0,009;NaN;0,005;0,014
42;241140;0;149917;17388;0,009;NaN;0,005;0,018
43;252856;0;156903;29458;0,009;NaN;0,006;0,030
44;256821;0;163774;18984;0,009;NaN;0,006;0,020
45;268036;0;170866;12140;0,010;NaN;0,006;0,013
46;272941;0;177937;17238;0,010;NaN;0,006;0,018
47;283593;0;185060;33512;0,010;NaN;0,007;0,035
48;286624;0;192464;25071;0,010;NaN;0,007;0,026
49;298579;0;200590;19143;0,011;NaN;0,007;0,020
50;303883;0;208804;20891;0,011;NaN;0,008;0,022
51;313450;0;215619;33365;0,011;NaN;0,008;0,035
52;320805;0;223649;30122;0,012;NaN;0,008;0,031
53;332420;0;232199;26936;0,012;NaN;0,008;0,028
54;337267;0;241169;73089;0,012;NaN;0,009;0,076
55;348778;0;248676;30111;0,013;NaN;0,009;0,031
56;354944;0;256509;23457;0,013;NaN;0,009;0,024
57;363493;0;265767;28684;0,013;NaN;0,010;0,030
58;372163;0;275050;27822;0,013;NaN;0,010;0,029
59;382272;0;283425;26860;0,014;NaN;0,010;0,028
60;389356;0;292846;29012;0,014;NaN;0,011;0,030
61;401351;0;301950;27872;0,014;NaN;0,011;0,029
62;408983;0;311531;31562;0,015;NaN;0,011;0,033
63;420325;0;320585;31670;0,015;NaN;0,012;0,033
64;429281;0;329111;29396;0,015;NaN;0,012;0,030
65;438993;0;338700;23784;0,016;NaN;0,012;0,025
66;448702;0;348999;35538;0,016;NaN;0,013;0,037
67;457257;0;357886;37410;0,017;NaN;0,013;0,039
68;469425;0;368513;35056;0,017;NaN;0,013;0,036
69;477922;0;379160;37491;0,017;NaN;0,014;0,039
70;488231;0;388615;38891;0,018;NaN;0,014;0,040
71;498889;0;398169;33576;0,018;NaN;0,014;0,035
72;508315;0;408785;35052;0,018;NaN;0,015;0,036
73;519726;0;418550;35316;0,019;NaN;0,015;0,037
74;530788;0;430161;39087;0,019;NaN;0,016;0,040
75;540840;0;440707;36174;0,020;NaN;0,016;0,037
76;551339;0;451519;28639;0,020;NaN;0,016;0,030
77;560978;0;461959;85851;0,020;NaN;0,017;0,089
78;572577;0;473504;45502;0,021;NaN;0,017;0,047
79;582335;0;484672;34885;0,021;NaN;0,017;0,036
80;595258;0;494901;39588;0,021;NaN;0,018;0,041
81;604135;0;506214;40922;0,022;NaN;0,018;0,042
82;616409;0;518086;37641;0,022;NaN;0,019;0,039
83;627625;0;529303;48740;0,023;NaN;0,019;0,050
84;640003;0;540052;39975;0,023;NaN;0,019;0,041
85;649340;0;551511;43437;0,023;NaN;0,020;0,045
86;663060;0;563143;48046;0,024;NaN;0,020;0,050
87;671413;0;575921;41232;0,024;NaN;0,021;0,043
88;684698;0;586052;46747;0,025;NaN;0,021;0,048
89;695816;0;598173;40030;0,025;NaN;0,022;0,041
90;706818;0;610673;50234;0,026;NaN;0,022;0,052
91;717325;0;622643;42099;0,026;NaN;0,022;0,044
92;731281;0;635787;44219;0,026;NaN;0,023;0,046
93;743409;0;648267;43783;0,027;NaN;0,023;0,045
94;756023;0;659581;102854;0,027;NaN;0,024;0,106
95;768280;0;671574;43387;0,028;NaN;0,024;0,045
96;782694;0;684312;43995;0,028;NaN;0,025;0,046
97;791096;0;696662;55349;0,029;NaN;0,025;0,057
98;808026;0;709079;41984;0,029;NaN;0,026;0,043
99;819759;0;722907;49541;0,030;NaN;0,026;0,051
100;833467;0;735435;59641;0,030;NaN;0,027;0,062
101;844807;0;747450;47836;0,031;NaN;0,027;0,049
102;858511;0;762157;59870;0,031;NaN;0,028;0,062
103;871726;0;773229;50540;0,031;NaN;0,028;0,052
104;885659;0;785608;53577;0,032;NaN;0,028;0,055
105;898383;0;799724;51131;0,032;NaN;0,029;0,053
106;909872;0;814730;64012;0,033;NaN;0,029;0,066
107;925953;0;825769;46483;0,033;NaN;0,030;0,048
108;939269;0;837809;98743;0,034;NaN;0,030;0,102
109;952433;0;852353;59993;0,034;NaN;0,031;0,062
110;965222;0;866300;65488;0,035;NaN;0,031;0,068
111;979836;0;879603;49605;0,035;NaN;0,032;0,051
112;994249;0;892375;45983;0,036;NaN;0,032;0,048
113;1006671;0;907307;56856;0,036;NaN;0,033;0,059
114;1018118;0;921185;63283;0,037;NaN;0,033;0,065
115;1033403;0;934468;58276;0,037;NaN;0,034;0,060
116;1047543;0;947026;56142;0,038;NaN;0,034;0,058
117;1063768;0;960760;62277;0,038;NaN;0,035;0,064
118;1077019;0;976155;55716;0,039;NaN;0,035;0,058
119;1091228;0;989708;68261;0,039;NaN;0,036;0,071
120;1104667;0;1003962;71471;0,040;NaN;0,036;0,074
121;1120191;0;1016962;108907;0,040;NaN;0,037;0,113
122;1134364;0;1032989;53632;0,041;NaN;0,037;0,055
123;1150736;0;1047238;73030;0,042;NaN;0,038;0,076
124;1163629;0;1060087;56592;0,042;NaN;0,038;0,059
125;1179439;0;1073663;64435;0,043;NaN;0,039;0,067
126;1191481;0;1089824;65138;0,043;NaN;0,039;0,067
127;1209360;0;1102167;62663;0,044;NaN;0,040;0,065
128;1222992;0;1117808;66300;0,044;NaN;0,040;0,069
129;1239207;0;1131118;69379;0,045;NaN;0,041;0,072
130;1252370;0;1146154;66380;0,045;NaN;0,041;0,069
131;1268613;0;1160733;59931;0,046;NaN;0,042;0,062
132;1282539;0;1175165;73283;0,046;NaN;0,042;0,076
133;1298546;0;1189450;120407;0,047;NaN;0,043;0,125
134;1311885;0;1206439;64127;0,047;NaN;0,044;0,066
135;1328505;0;1218213;70296;0,048;NaN;0,044;0,073
136;1342331;0;1234879;76798;0,048;NaN;0,045;0,079
137;1358821;0;1248495;77905;0,049;NaN;0,045;0,081
138;1372897;0;1265078;65444;0,050;NaN;0,046;0,068
139;1387884;0;1281115;71837;0,050;NaN;0,046;0,074
140;1401974;0;1294884;60237;0,051;NaN;0,047;0,062
141;1416892;0;1308028;78968;0,051;NaN;0,047;0,082
142;1431877;0;1324095;79014;0,052;NaN;0,048;0,082
143;1445633;0;1338429;121529;0,052;NaN;0,048;0,126
144;1465027;0;1353017;65276;0,053;NaN;0,049;0,068
145;1476151;0;1369029;77533;0,053;NaN;0,049;0,080
146;1493052;0;1383280;78273;0,054;NaN;0,050;0,081
147;1507890;0;1398981;77654;0,054;NaN;0,051;0,080
148;1526317;0;1415521;72388;0,055;NaN;0,051;0,075
149;1541979;0;1427431;73778;0,056;NaN;0,052;0,076
150;1558595;0;1443873;77398;0,056;NaN;0,052;0,080
151;1571890;0;1458218;86654;0,057;NaN;0,053;0,090
152;1588435;0;1472790;84397;0,057;NaN;0,053;0,087
153;1605375;0;1488410;121673;0,058;NaN;0,054;0,126
154;1621038;0;1504298;79678;0,059;NaN;0,054;0,082
155;1637691;0;1519400;89691;0,059;NaN;0,055;0,093
156;1650906;0;1535647;78797;0,060;NaN;0,055;0,082
157;1667830;0;1551250;73400;0,060;NaN;0,056;0,076
158;1682712;0;1563824;81706;0,061;NaN;0,056;0,085
159;1698355;0;1580721;83428;0,061;NaN;0,057;0,086
160;1713645;0;1595546;80667;0,062;NaN;0,058;0,083
161;1729370;0;1608400;88033;0,062;NaN;0,058;0,091
162;1745385;0;1628939;122265;0,063;NaN;0,059;0,126
163;1759232;0;1639685;88517;0,064;NaN;0,059;0,092
164;1779495;0;1659134;86618;0,064;NaN;0,060;0,090
165;1792664;0;1672394;77842;0,065;NaN;0,060;0,081
166;1809298;0;1688870;91410;0,065;NaN;0,061;0,095
167;1823252;0;1705053;85974;0,066;NaN;0,062;0,089
168;1839153;0;1718613;96175;0,066;NaN;0,062;0,099
169;1855515;0;1735301;85278;0,067;NaN;0,063;0,088
170;1870702;0;1750738;96818;0,068;NaN;0,063;0,100
171;1890576;0;1766145;130306;0,068;NaN;0,064;0,135
172;1904110;0;1780887;81911;0,069;NaN;0,064;0,085
173;1921162;0;1794406;99311;0,069;NaN;0,065;0,103
174;1932615;0;1813090;93796;0,070;NaN;0,065;0,097
175;1948140;0;1826493;79950;0,070;NaN;0,066;0,083
176;1965865;0;1844040;89085;0,071;NaN;0,067;0,092
177;1980650;0;1858545;93473;0,072;NaN;0,067;0,097
178;1995007;0;1873475;88367;0,072;NaN;0,068;0,091
179;2010384;0;1888446;87427;0,073;NaN;0,068;0,090
180;2027419;0;1905801;145742;0,073;NaN;0,069;0,151
181;2040508;0;1920891;90669;0,074;NaN;0,069;0,094
182;2052938;0;1936757;97808;0,074;NaN;0,070;0,101
183;2070886;0;1953614;95549;0,075;NaN;0,071;0,099
184;2084386;0;1966761;100865;0,075;NaN;0,071;0,104
185;2100374;0;1982770;96824;0,076;NaN;0,072;0,100
186;2114221;0;1999130;101933;0,076;NaN;0,072;0,105
187;2131555;0;2013336;92960;0,077;NaN;0,073;0,096
188;2143877;0;2027322;141149;0,077;NaN;0,073;0,146
189;2160909;0;2045482;95851;0,078;NaN;0,074;0,099
190;2176054;0;2059814;98295;0,079;NaN;0,074;0,102
191;2193274;0;2075081;97565;0,079;NaN;0,075;0,101
192;2210207;0;2092202;95638;0,080;NaN;0,076;0,099
193;2223153;0;2104303;94266;0,080;NaN;0,076;0,098
194;2240622;0;2119614;100730;0,081;NaN;0,077;0,104
195;2258924;0;2136406;150429;0,082;NaN;0,077;0,156
196;2272953;0;2154170;104946;0,082;NaN;0,078;0,109
197;2286120;0;2168500;93342;0,083;NaN;0,078;0,097
198;2305055;0;2186696;103220;0,083;NaN;0,079;0,107
199;2321850;0;2197334;109248;0,084;NaN;0,079;0,113
200;2331414;0;2214872;104576;0,084;NaN;0,080;0,108
201;2352035;0;2230937;101253;0,085;NaN;0,081;0,105
202;2364249;0;2245709;105152;0,085;NaN;0,081;0,109
203;2378351;0;2260256;157514;0,086;NaN;0,082;0,163
204;2393681;0;2273805;99033;0,086;NaN;0,082;0,102
205;2407456;0;2290907;105398;0,087;NaN;0,083;0,109
206;2423210;0;2304922;106851;0,087;NaN;0,083;0,111
207;2437361;0;2320600;109861;0,088;NaN;0,084;0,114
208;2452261;0;2336070;104797;0,089;NaN;0,084;0,108
209;2470460;0;2353562;95592;0,089;NaN;0,085;0,099
210;2482578;0;2365935;153458;0,090;NaN;0,085;0,159
211;2498692;0;2381330;107200;0,090;NaN;0,086;0,111
212;2513296;0;2396999;111354;0,091;NaN;0,087;0,115
213;2532322;0;2413255;108243;0,091;NaN;0,087;0,112
214;2545832;0;2428726;113515;0,092;NaN;0,088;0,117
215;2564727;0;2443153;112770;0,093;NaN;0,088;0,117
216;2577147;0;2457669;112948;0,093;NaN;0,089;0,117
217;2592507;0;2470279;158341;0,094;NaN;0,089;0,164
218;2604814;0;2484488;105816;0,094;NaN;0,090;0,109
219;2624826;0;2504400;106772;0,095;NaN;0,090;0,110
220;2636894;0;2517577;120923;0,095;NaN;0,091;0,125
221;2655282;0;2533253;120342;0,096;NaN;0,091;0,124
222;2668285;0;2547187;108768;0,096;NaN;0,092;0,113
223;2685261;0;2560128;152991;0,097;NaN;0,092;0,158
224;2701814;0;2577989;111462;0,098;NaN;0,093;0,115
225;2717539;0;2592983;119124;0,098;NaN;0,094;0,123
226;2733386;0;2605784;110591;0,099;NaN;0,094;0,114
227;2745989;0;2616628;112840;0,099;NaN;0,094;0,117
228;2758646;0;2631927;118633;0,100;NaN;0,095;0,123
229;2780408;0;2649858;119382;0,100;NaN;0,096;0,123
230;2793494;0;2664239;157243;0,101;NaN;0,096;0,163
231;2808592;0;2678049;120596;0,101;NaN;0,097;0,125
232;2821253;0;2694738;122870;0,102;NaN;0,097;0,127
233;2838518;0;2706027;125126;0,102;NaN;0,098;0,129
234;2847825;0;2724550;120851;0,103;NaN;0,098;0,125
235;2862604;0;2738102;115459;0,103;NaN;0,099;0,119
236;2877678;0;2751700;158362;0,104;NaN;0,099;0,164
237;2888961;0;2766339;123453;0,104;NaN;0,100;0,128
238;2909066;0;2777611;118870;0,105;NaN;0,100;0,123
239;2922392;0;2794003;122478;0,106;NaN;0,101;0,127
240;2935436;0;2809955;126772;0,106;NaN;0,101;0,131
241;2954210;0;2822455;119786;0,107;NaN;0,102;0,124
242;2965568;0;2835750;166255;0,107;NaN;0,102;0,172
243;2978829;0;2849864;108695;0,108;NaN;0,103;0,112
244;2997488;0;2860202;121547;0,108;NaN;0,103;0,126
245;3010717;0;2876330;145253;0,109;NaN;0,104;0,150
246;3021862;0;2893072;128008;0,109;NaN;0,104;0,132
247;3039754;0;2903268;124929;0,110;NaN;0,105;0,129
248;3054815;0;2921406;158627;0,110;NaN;0,105;0,164
249;3071002;0;2931742;124204;0,111;NaN;0,106;0,128
250;3084625;0;2950070;142399;0,111;NaN;0,107;0,147
251;3097996;0;2961869;119688;0,112;NaN;0,107;0,124
252;3117223;0;2972766;125025;0,113;NaN;0,107;0,129
253;3135136;0;2985974;131923;0,113;NaN;0,108;0,136
254;3149237;0;3000840;166983;0,114;NaN;0,108;0,173
255;3164989;0;3015461;120453;0,114;NaN;0,109;0,125
256;3176343;0;3028239;142232;0,115;NaN;0,109;0,147
257;3193954;0;3044012;122020;0,115;NaN;0,110;0,126
258;3206255;0;3052936;130372;0,116;NaN;0,110;0,135
259;3220809;0;3067051;137071;0,116;NaN;0,111;0,142
260;3234073;0;3078404;161651;0,117;NaN;0,111;0,167
261;3244999;0;3096434;135453;0,117;NaN;0,112;0,140
262;3259022;0;3106928;152467;0,118;NaN;0,112;0,158
263;3270315;0;3117379;120089;0,118;NaN;0,113;0,124
264;3284220;0;3135589;139372;0,119;NaN;0,113;0,144
265;3292620;0;3146338;168401;0,119;NaN;0,114;0,174
266;3308750;0;3155994;138763;0,119;NaN;0,114;0,144
267;3322507;0;3171727;139917;0,120;NaN;0,115;0,145
268;3334979;0;3181878;127341;0,120;NaN;0,115;0,132
269;3352321;0;3197855;134194;0,121;NaN;0,115;0,139
270;3364511;0;3207676;140192;0,121;NaN;0,116;0,145
271;3376833;0;3223857;171096;0,122;NaN;0,116;0,177
272;3392546;0;3233741;127131;0,122;NaN;0,117;0,131
273;3400148;0;3248380;145112;0,123;NaN;0,117;0,150
274;3414347;0;3259809;146792;0,123;NaN;0,118;0,152
275;3426067;0;3272010;134144;0,124;NaN;0,118;0,139
276;3437754;0;3285592;185647;0,124;NaN;0,119;0,192
277;3449413;0;3297101;130234;0,125;NaN;0,119;0,135
278;3467627;0;3307528;148819;0,125;NaN;0,119;0,154
279;3479269;0;3320040;141268;0,126;NaN;0,120;0,146
280;3493591;0;3333111;144098;0,126;NaN;0,120;0,149
281;3504595;0;3343862;169450;0,127;NaN;0,121;0,175
282;3517753;0;3358468;143244;0,127;NaN;0,121;0,148
283;3532674;0;3367187;148815;0,128;NaN;0,122;0,154
284;3544463;0;3379039;129631;0,128;NaN;0,122;0,134
285;3553695;0;3390405;153239;0,128;NaN;0,122;0,158
286;3571246;0;3403314;143991;0,129;NaN;0,123;0,149
287;3581154;0;3414255;182602;0,129;NaN;0,123;0,189
288;3596299;0;3425722;142070;0,130;NaN;0,124;0,147
289;3610611;0;3437043;136505;0,130;NaN;0,124;0,141
290;3617913;0;3449343;160098;0,131;NaN;0,125;0,166
291;3632745;0;3459506;146527;0,131;NaN;0,125;0,152
292;3641859;0;3470744;179405;0,131;NaN;0,125;0,186
293;3658842;0;3482322;156320;0,132;NaN;0,126;0,162
294;3664310;0;3493310;140482;0,132;NaN;0,126;0,145
295;3675524;0;3505358;147067;0,133;NaN;0,127;0,152
296;3691858;0;3515439;150168;0,133;NaN;0,127;0,155
297;3705603;0;3523209;181276;0,134;NaN;0,127;0,187
298;3711043;0;3537264;150238;0,134;NaN;0,128;0,155
299;3722605;0;3547739;148650;0,134;NaN;0,128;0,154
300;3737807;0;3555964;141254;0,135;NaN;0,128;0,146
301;3747385;0;3569570;158079;0,135;NaN;0,129;0,164
302;3758178;0;3579268;191947;0,136;NaN;0,129;0,199
303;3773388;0;3589880;147519;0,136;NaN;0,130;0,153
304;3778393;0;3600563;150811;0,136;NaN;0,130;0,156
305;3799369;0;3612878;152026;0,137;NaN;0,130;0,157
306;3811132;0;3621933;192915;0,138;NaN;0,131;0,200
307;3823706;0;3631073;155740;0,138;NaN;0,131;0,161
308;3836557;0;3639580;148517;0,139;NaN;0,131;0,154
309;3848290;0;3650873;154819;0,139;NaN;0,132;0,160
310;3857583;0;3656563;152826;0,139;NaN;0,132;0,158
311;3871824;0;3668593;188607;0,140;NaN;0,132;0,195
312;3881167;0;3677556;160595;0,140;NaN;0,133;0,166
313;3895058;0;3690256;147933;0,141;NaN;0,133;0,153
314;3904150;0;3697898;154318;0,141;NaN;0,134;0,160
315;3912442;0;3709000;158893;0,141;NaN;0,134;0,164
316;3920770;0;3714033;189570;0,142;NaN;0,134;0,196
317;3931482;0;3724727;164254;0,142;NaN;0,134;0,170
318;3941067;0;3737053;150892;0,142;NaN;0,135;0,156
319;3958585;0;3743170;159350;0,143;NaN;0,135;0,165
320;3961854;0;3751815;193909;0,143;NaN;0,135;0,201
321;3972531;0;3761023;157461;0,143;NaN;0,136;0,163
322;3980310;0;3769772;165961;0,144;NaN;0,136;0,172
323;3992059;0;3781381;152860;0,144;NaN;0,137;0,158
324;4001109;0;3787013;158702;0,144;NaN;0,137;0,164
325;4006045;0;3796704;198281;0,145;NaN;0,137;0,205
326;4017786;0;3803163;157054;0,145;NaN;0,137;0,162
327;4024867;0;3808599;159158;0,145;NaN;0,138;0,165
328;4037396;0;3821087;159752;0,146;NaN;0,138;0,165
329;4041900;0;3831761;194947;0,146;NaN;0,138;0,202
330;4049199;0;3835692;164721;0,146;NaN;0,138;0,170
331;4063864;0;3845457;164096;0,147;NaN;0,139;0,170
332;4068641;0;3854517;156408;0,147;NaN;0,139;0,162
333;4069439;0;3859292;168858;0,147;NaN;0,139;0,175
334;4086895;0;3872576;202824;0,148;NaN;0,140;0,210
335;4090412;0;3880768;167235;0,148;NaN;0,140;0,173
336;4101231;0;3888038;153961;0,148;NaN;0,140;0,159
337;4106121;0;3895090;171438;0,148;NaN;0,141;0,177
338;4121898;0;3901311;209410;0,149;NaN;0,141;0,217
339;4127821;0;3909642;166629;0,149;NaN;0,141;0,172
340;4134633;0;3918495;171935;0,149;NaN;0,141;0,178
341;4136482;0;3924220;159117;0,149;NaN;0,142;0,165
342;4151429;0;3929706;168179;0,150;NaN;0,142;0,174
343;4159012;0;3933744;205569;0,150;NaN;0,142;0,213
344;4165808;0;3943806;173793;0,150;NaN;0,142;0,180
345;4164667;0;3949793;172231;0,150;NaN;0,143;0,178
346;4173234;0;3957499;171291;0,151;NaN;0,143;0,177
347;4183358;0;3963747;196718;0,151;NaN;0,143;0,203
348;4192576;0;3969895;182910;0,151;NaN;0,143;0,189
349;4196417;0;3972025;166047;0,152;NaN;0,143;0,172
350;4205950;0;3983400;172916;0,152;NaN;0,144;0,179
351;4207105;0;3992503;196728;0,152;NaN;0,144;0,203
352;4220908;0;3998645;181636;0,152;NaN;0,144;0,188
353;4220172;0;4002175;160029;0,152;NaN;0,145;0,166
354;4225691;0;4010365;179015;0,153;NaN;0,145;0,185
355;4231993;0;4013186;207014;0,153;NaN;0,145;0,214
356;4235425;0;4019109;176309;0,153;NaN;0,145;0,182
357;4238667;0;4022474;159853;0,153;NaN;0,145;0,165
358;4243709;0;4032886;183452;0,153;NaN;0,146;0,190
359;4247062;0;4035167;210423;0,153;NaN;0,146;0,218
360;4246884;0;4044762;177957;0,153;NaN;0,146;0,184
361;4257937;0;4045176;165521;0,154;NaN;0,146;0,171
362;4262428;0;4053090;180494;0,154;NaN;0,146;0,187
363;4262655;0;4059685;208360;0,154;NaN;0,147;0,216
364;4269644;0;4064187;174956;0,154;NaN;0,147;0,181
365;4273329;0;4067274;170081;0,154;NaN;0,147;0,176
366;4270865;0;4068620;191875;0,154;NaN;0,147;0,198
367;4273167;0;4076520;194599;0,154;NaN;0,147;0,201
368;4273363;0;4080627;165499;0,154;NaN;0,147;0,171
369;4285008;0;4086498;199652;0,155;NaN;0,148;0,207
370;4282202;0;4091732;178818;0,155;NaN;0,148;0,185
371;4287077;0;4091349;199626;0,155;NaN;0,148;0,206
372;4290830;0;4095572;177221;0,155;NaN;0,148;0,183
373;4294047;0;4101501;189842;0,155;NaN;0,148;0,196
374;4299879;0;4107066;175572;0,155;NaN;0,148;0,182
375;4305821;0;4108425;205182;0,155;NaN;0,148;0,212
376;4306007;0;4115298;183217;0,155;NaN;0,149;0,190
377;4315884;0;4117000;181893;0,156;NaN;0,149;0,188
378;4318484;0;4120269;177636;0,156;NaN;0,149;0,184
379;4320535;0;4126136;195343;0,156;NaN;0,149;0,202
380;4318147;0;4127623;197742;0,156;NaN;0,149;0,205
381;4328687;0;4133434;179298;0,156;NaN;0,149;0,185
382;4327858;0;4138389;180814;0,156;NaN;0,149;0,187
383;4328586;0;4140609;222723;0,156;NaN;0,150;0,230
384;4331855;0;4143760;170767;0,156;NaN;0,150;0,177
385;4333697;0;4144854;180181;0,156;NaN;0,150;0,186
386;4339208;0;4143995;197973;0,157;NaN;0,150;0,205
387;4339576;0;4145724;207547;0,157;NaN;0,150;0,215
388;4341162;0;4151723;180783;0,157;NaN;0,150;0,187
389;4342265;0;4154193;177284;0,157;NaN;0,150;0,183
390;4338848;0;4154133;192756;0,157;NaN;0,150;0,199
391;4350274;0;4162575;209965;0,157;NaN;0,150;0,217
392;4352306;0;4159073;181163;0,157;NaN;0,150;0,187
393;4351432;0;4163193;196059;0,157;NaN;0,150;0,203
394;4352445;0;4163737;205602;0,157;NaN;0,150;0,213
395;4348232;0;4164224;187484;0,157;NaN;0,150;0,194
396;4348066;0;4166173;194854;0,157;NaN;0,150;0,202
397;4352790;0;4169355;186715;0,157;NaN;0,151;0,193
398;4351115;0;4168763;204877;0,157;NaN;0,151;0,212
399;4348379;0;4169384;192652;0,157;NaN;0,151;0,199
400;4347014;0;4175598;180391;0,157;NaN;0,151;0,187
401;4343444;0;4172680;188262;0,157;NaN;0,151;0,195
402;4350182;0;4175232;219874;0,157;NaN;0,151;0,227
403;4348688;0;4177852;190189;0,157;NaN;0,151;0,197
404;4345610;0;4179644;184284;0,157;NaN;0,151;0,191
405;4345449;0;4178189;211704;0,157;NaN;0,151;0,219
406;4347328;0;4182273;209529;0,157;NaN;0,151;0,217
407;4348465;0;4178282;184309;0,157;NaN;0,151;0,191
408;4350695;0;4183045;188743;0,157;NaN;0,151;0,195
409;4347803;0;4184600;213293;0,157;NaN;0,151;0,221
410;4350279;0;4185248;191563;0,157;NaN;0,151;0,198
411;4347283;0;4189053;187403;0,157;NaN;0,151;0,194
412;4346526;0;4184000;202101;0,157;NaN;0,151;0,209
413;4347953;0;4187997;209241;0,157;NaN;0,151;0,216
414;4349161;0;4186773;188699;0,157;NaN;0,151;0,195
415;4344855;0;4186036;200797;0,157;NaN;0,151;0,208
416;4344771;0;4188890;209670;0,157;NaN;0,151;0,217
417;4345655;0;4190367;200693;0,157;NaN;0,151;0,208
418;4344211;0;4187240;198941;0,157;NaN;0,151;0,206
419;4345000;0;4190630;190274;0,157;NaN;0,151;0,197
420;4342167;0;4187907;214944;0,157;NaN;0,151;0,222
421;4344508;0;4190358;191952;0,157;NaN;0,151;0,199
422;4343305;0;4190482;191720;0,157;NaN;0,151;0,198
423;4345674;0;4193051;231152;0,157;NaN;0,151;0,239
424;4344516;0;4193275;195683;0,157;NaN;0,151;0,202
425;4343525;0;4197717;184223;0,157;NaN;0,152;0,191
426;4339387;0;4191206;198504;0,157;NaN;0,151;0,205
427;4343167;0;4195628;233926;0,157;NaN;0,151;0,242
428;4340011;0;4190481;189784;0,157;NaN;0,151;0,196
429;4336974;0;4194039;196603;0,157;NaN;0,151;0,203
430;4337890;0;4194744;221187;0,157;NaN;0,151;0,229
431;4332952;0;4192814;204861;0,156;NaN;0,151;0,212
432;4331987;0;4198960;191516;0,156;NaN;0,152;0,198
433;4333339;0;4197080;222052;0,156;NaN;0,152;0,230
434;4337130;0;4191560;198278;0,157;NaN;0,151;0,205
435;4333900;0;4194390;195511;0,156;NaN;0,151;0,202
436;4334606;0;4192883;201175;0,157;NaN;0,151;0,208
437;4335946;0;4191777;226542;0,157;NaN;0,151;0,234
438;4336514;0;4194401;200802;0,157;NaN;0,151;0,208
439;4338154;0;4199288;198597;0,157;NaN;0,152;0,205
440;4334115;0;4196157;228905;0,156;NaN;0,152;0,237
441;4336279;0;4195672;197839;0,157;NaN;0,151;0,205
442;4333859;0;4194344;197722;0,156;NaN;0,151;0,205
443;4334989;0;4191601;229994;0,157;NaN;0,151;0,238
444;4331583;0;4192593;197225;0,156;NaN;0,151;0,204
445;4330750;0;4194307;203268;0,156;NaN;0,151;0,210
446;4330369;0;4195389;199834;0,156;NaN;0,151;0,207
447;4331983;0;4195071;231764;0,156;NaN;0,151;0,240
448;4332477;0;4191506;199027;0,156;NaN;0,151;0,206
449;4330367;0;4191595;203794;0,156;NaN;0,151;0,211
450;4327988;0;4191739;234468;0,156;NaN;0,151;0,243
451;4331472;0;4193863;200267;0,156;NaN;0,151;0,207
452;4325543;0;4188626;204781;0,156;NaN;0,151;0,212
453;4321388;0;4192835;233493;0,156;NaN;0,151;0,242
454;4323816;0;4192886;203303;0,156;NaN;0,151;0,210
455;4317661;0;4192238;196672;0,156;NaN;0,151;0,203
456;4321068;0;4193191;232213;0,156;NaN;0,151;0,240
457;4316403;0;4191151;206579;0,156;NaN;0,151;0,214
458;4312179;0;4188962;212027;0,156;NaN;0,151;0,219
459;4310167;0;4190518;207235;0,156;NaN;0,151;0,214
460;4307750;0;4190222;229646;0,156;NaN;0,151;0,238
461;4306825;0;4189045;200011;0,156;NaN;0,151;0,207
462;4300283;0;4182654;215912;0,155;NaN;0,151;0,223
463;4302504;0;4188457;232125;0,155;NaN;0,151;0,240
464;4300493;0;4184348;205044;0,155;NaN;0,151;0,212
465;4291674;0;4186413;216342;0,155;NaN;0,151;0,224
466;4293831;0;4182926;231918;0,155;NaN;0,151;0,240
467;4290528;0;4178761;205633;0,155;NaN;0,151;0,213
468;4285021;0;4178759;214029;0,155;NaN;0,151;0,221
469;4290067;0;4179246;236252;0,155;NaN;0,151;0,244
470;4287187;0;4177077;207077;0,155;NaN;0,151;0,214
471;4284562;0;4178125;210125;0,155;NaN;0,151;0,217
472;4285351;0;4176860;239251;0,155;NaN;0,151;0,247
473;4279940;0;4176426;209048;0,155;NaN;0,151;0,216
474;4285697;0;4171350;217847;0,155;NaN;0,151;0,225
475;4285223;0;4174058;235589;0,155;NaN;0,151;0,244
476;4280999;0;4172265;208041;0,155;NaN;0,151;0,215
477;4282438;0;4173519;219275;0,155;NaN;0,151;0,227
478;4275087;0;4167282;231285;0,154;NaN;0,150;0,239
479;4271876;0;4168601;218877;0,154;NaN;0,151;0,226
480;4272112;0;4165094;204990;0,154;NaN;0,150;0,212
481;4271772;0;4161175;246741;0,154;NaN;0,150;0,255
482;4268831;0;4162136;205106;0,154;NaN;0,150;0,212
483;4263998;0;4160766;225207;0,154;NaN;0,150;0,233
484;4260992;0;4160799;240993;0,154;NaN;0,150;0,249
485;4262748;0;4155202;214015;0,154;NaN;0,150;0,221
486;4259711;0;4153294;212000;0,154;NaN;0,150;0,219
487;4258048;0;4154312;225750;0,154;NaN;0,150;0,233
488;4258807;0;4148216;223716;0,154;NaN;0,150;0,231
489;4256549;0;4150584;230035;0,154;NaN;0,150;0,238
490;4248626;0;4149659;216483;0,153;NaN;0,150;0,224
491;4250068;0;4145372;242583;0,153;NaN;0,150;0,251
492;4245505;0;4143016;212753;0,153;NaN;0,150;0,220
493;4243482;0;4144876;244064;0,153;NaN;0,150;0,252
494;4243112;0;4141199;223831;0,153;NaN;0,150;0,232
495;4239252;0;4140065;216412;0,153;NaN;0,149;0,224
496;4235119;0;4134656;244748;0,153;NaN;0,149;0,253
497;4228693;0;4137435;219966;0,153;NaN;0,149;0,228
498;4226662;0;4134477;219793;0,153;NaN;0,149;0,227
499;4219647;0;4134501;252557;0,152;NaN;0,149;0,261
500;4218898;0;4126131;222805;0,152;NaN;0,149;0,230
501;4216870;0;4128194;214890;0,152;NaN;0,149;0,222
502;4214244;0;4123719;247283;0,152;NaN;0,149;0,256
503;4210604;0;4124960;219172;0,152;NaN;0,149;0,227
504;4209685;0;4121526;222539;0,152;NaN;0,149;0,230
505;4207967;0;4119496;261423;0,152;NaN;0,149;0,270
506;4203530;0;4115282;216231;0,152;NaN;0,149;0,224
507;4200232;0;4114698;220302;0,152;NaN;0,149;0,228
508;4195483;0;4111878;247391;0,151;NaN;0,148;0,256
509;4196027;0;4109018;226704;0,152;NaN;0,148;0,234
510;4188759;0;4104103;227234;0,151;NaN;0,148;0,235
511;4186839;0;4102482;261881;0,151;NaN;0,148;0,271
512;4181477;0;4104908;218904;0,151;NaN;0,148;0,226
513;4184700;0;4100936;227868;0,151;NaN;0,148;0,236
514;4182158;0;4098011;246248;0,151;NaN;0,148;0,255
515;4178890;0;4093391;232517;0,151;NaN;0,148;0,240
516;4169478;0;4091544;229773;0,151;NaN;0,148;0,238
517;4169234;0;4089147;260099;0,151;NaN;0,148;0,269
518;4166484;0;4085270;219649;0,150;NaN;0,148;0,227
519;4159003;0;4082972;228879;0,150;NaN;0,147;0,237
520;4155566;0;4076808;263288;0,150;NaN;0,147;0,272
521;4149802;0;4077700;227194;0,150;NaN;0,147;0,235
522;4145903;0;4075674;261177;0,150;NaN;0,147;0,270
523;4141022;0;4069259;226456;0,150;NaN;0,147;0,234
524;4143493;0;4071467;232178;0,150;NaN;0,147;0,240
525;4141997;0;4067844;255195;0,150;NaN;0,147;0,264
526;4130194;0;4062385;239592;0,149;NaN;0,147;0,248
527;4131451;0;4055845;226373;0,149;NaN;0,146;0,234
528;4128882;0;4052593;263396;0,149;NaN;0,146;0,272
529;4126677;0;4055361;230362;0,149;NaN;0,146;0,238
530;4121648;0;4049636;225939;0,149;NaN;0,146;0,234
531;4122355;0;4049335;267389;0,149;NaN;0,146;0,277
532;4117394;0;4048123;242301;0,149;NaN;0,146;0,251
533;4111601;0;4042773;258464;0,148;NaN;0,146;0,267
534;4109062;0;4035645;230256;0,148;NaN;0,146;0,238
535;4103796;0;4035026;232861;0,148;NaN;0,146;0,241
536;4093689;0;4034788;267029;0,148;NaN;0,146;0,276
537;4090236;0;4025820;243864;0,148;NaN;0,145;0,252
538;4089815;0;4021904;229785;0,148;NaN;0,145;0,238
539;4080771;0;4021633;267601;0,147;NaN;0,145;0,277
540;4080833;0;4017630;232787;0,147;NaN;0,145;0,241
541;4075564;0;4015455;233392;0,147;NaN;0,145;0,241
542;4071015;0;4012301;163295;0,147;NaN;0,145;0,169
543;4065914;0;4004287;110130;0,147;NaN;0,145;0,114
544;4064364;0;4004008;109030;0,147;NaN;0,145;0,113
545;4058714;0;4003295;107922;0,147;NaN;0,145;0,112
546;4053693;0;3998590;101498;0,146;NaN;0,144;0,105
547;4052499;0;3994379;118399;0,146;NaN;0,144;0,122
548;4044859;0;3985594;111800;0,146;NaN;0,144;0,116
549;4043030;0;3987220;108417;0,146;NaN;0,144;0,112
550;4042854;0;3983775;119963;0,146;NaN;0,144;0,124
551;4033572;0;3978552;104152;0,146;NaN;0,144;0,108
552;4030072;0;3979691;101886;0,146;NaN;0,144;0,105
553;4023456;0;3972030;119141;0,145;NaN;0,143;0,123
554;4018319;0;3965159;110777;0,145;NaN;0,143;0,115
555;4017181;0;3962664;100495;0,145;NaN;0,143;0,104
556;4010315;0;3961989;107589;0,145;NaN;0,143;0,111
557;4006060;0;3956435;102461;0,145;NaN;0,143;0,106
558;4001867;0;3952367;118697;0,144;NaN;0,143;0,123
559;3992462;0;3944683;110294;0,144;NaN;0,142;0,114
560;3988859;0;3939590;106524;0,144;NaN;0,142;0,110
561;3987140;0;3939961;102642;0,144;NaN;0,142;0,106
562;3982815;0;3930364;109946;0,144;NaN;0,142;0,114
563;3977146;0;3931102;96491;0,144;NaN;0,142;0,100
564;3973901;0;3927214;112317;0,143;NaN;0,142;0,116
565;3966278;0;3922880;103847;0,143;NaN;0,142;0,107
566;3963165;0;3915655;114275;0,143;NaN;0,141;0,118
567;3956606;0;3912641;101190;0,143;NaN;0,141;0,105
568;3949254;0;3905110;101642;0,143;NaN;0,141;0,105
569;3943443;0;3902061;106666;0,142;NaN;0,141;0,110
570;3937960;0;3905050;103007;0,142;NaN;0,141;0,107
571;3927127;0;3891458;107382;0,142;NaN;0,141;0,111
572;3921310;0;3894055;104037;0,142;NaN;0,141;0,108
573;3916513;0;3884780;110025;0,141;NaN;0,140;0,114
574;3910534;0;3881674;98134;0,141;NaN;0,140;0,102
575;3904761;0;3876988;102196;0,141;NaN;0,140;0,106
576;3895397;0;3871738;104031;0,141;NaN;0,140;0,108
577;3892482;0;3869568;99965;0,141;NaN;0,140;0,103
578;3886715;0;3860911;101042;0,140;NaN;0,139;0,105
579;3880788;0;3861912;99634;0,140;NaN;0,139;0,103
580;3878238;0;3851912;102013;0,140;NaN;0,139;0,106
581;3871762;0;3845501;110309;0,140;NaN;0,139;0,114
582;3863614;0;3851608;105193;0,140;NaN;0,139;0,109
583;3862872;0;3841721;98898;0,139;NaN;0,139;0,102
584;3852916;0;3836391;92103;0,139;NaN;0,139;0,095
585;3846547;0;3830714;94963;0,139;NaN;0,138;0,098
586;3844071;0;3826266;104003;0,139;NaN;0,138;0,108
587;3836857;0;3818941;99839;0,139;NaN;0,138;0,103
588;3835534;0;3815576;109677;0,138;NaN;0,138;0,113
589;3831459;0;3809106;96254;0,138;NaN;0,138;0,100
590;3818574;0;3805881;96954;0,138;NaN;0,137;0,100
591;3816880;0;3800199;95369;0,138;NaN;0,137;0,099
592;3813028;0;3795550;98137;0,138;NaN;0,137;0,102
593;3802733;0;3789823;96800;0,137;NaN;0,137;0,100
594;3794546;0;3785021;95568;0,137;NaN;0,137;0,099
595;3788712;0;3782383;90966;0,137;NaN;0,137;0,094
596;3776772;0;3777142;107775;0,136;NaN;0,136;0,111
597;3772795;0;3767138;96564;0,136;NaN;0,136;0,100
598;3764868;0;3763328;98199;0,136;NaN;0,136;0,102
599;3760209;0;3754939;92885;0,136;NaN;0,136;0,096
600;3751276;0;3752883;95457;0,135;NaN;0,136;0,099
601;3745165;0;3746389;92001;0,135;NaN;0,135;0,095
602;3739911;0;3741241;95010;0,135;NaN;0,135;0,098
603;3733079;0;3737256;101533;0,135;NaN;0,135;0,105
604;3723013;0;3730032;92348;0,134;NaN;0,135;0,096
605;3716291;0;3724515;92734;0,134;NaN;0,134;0,096
606;3713792;0;3724069;88850;0,134;NaN;0,134;0,092
607;3700391;0;3716744;99460;0,134;NaN;0,134;0,103
608;3693019;0;3708645;89226;0,133;NaN;0,134;0,092
609;3686184;0;3708715;92121;0,133;NaN;0,134;0,095
610;3678589;0;3700869;98934;0,133;NaN;0,134;0,102
611;3677772;0;3692317;88043;0,133;NaN;0,133;0,091
612;3670985;0;3685791;94447;0,133;NaN;0,133;0,098
613;3663378;0;3680076;88434;0,132;NaN;0,133;0,091
614;3658564;0;3675764;91299;0,132;NaN;0,133;0,094
615;3646832;0;3666569;87304;0,132;NaN;0,132;0,090
616;3647303;0;3663448;92905;0,132;NaN;0,132;0,096
617;3634261;0;3661068;85084;0,131;NaN;0,132;0,088
618;3626804;0;3655772;101057;0,131;NaN;0,132;0,105
619;3621862;0;3646753;87883;0,131;NaN;0,132;0,091
620;3614288;0;3643248;84719;0,130;NaN;0,132;0,088
621;3608031;0;3633360;90763;0,130;NaN;0,131;0,094
622;3599568;0;3628654;86343;0,130;NaN;0,131;0,089
623;3596477;0;3625558;87423;0,130;NaN;0,131;0,090
624;3587017;0;3617563;84054;0,130;NaN;0,131;0,087
625;3583420;0;3609712;99170;0,129;NaN;0,130;0,103
626;3580011;0;3607185;85068;0,129;NaN;0,130;0,088
627;3569580;0;3593905;81503;0,129;NaN;0,130;0,084
628;3561983;0;3590810;86868;0,129;NaN;0,130;0,090
629;3555371;0;3583619;86174;0,128;NaN;0,129;0,089
630;3547547;0;3585116;84437;0,128;NaN;0,129;0,087
631;3543018;0;3574773;84477;0,128;NaN;0,129;0,087
632;3530979;0;3566172;92447;0,127;NaN;0,129;0,096
633;3523201;0;3559430;86740;0,127;NaN;0,129;0,090
634;3515628;0;3558403;83380;0,127;NaN;0,128;0,086
635;3503363;0;3552547;81574;0,126;NaN;0,128;0,084
636;3497985;0;3539811;79678;0,126;NaN;0,128;0,082
637;3488083;0;3533482;81488;0,126;NaN;0,128;0,084
638;3480686;0;3528069;83952;0,126;NaN;0,127;0,087
639;3477145;0;3524541;89401;0,126;NaN;0,127;0,092
640;3465059;0;3514595;83276;0,125;NaN;0,127;0,086
641;3457701;0;3513445;78181;0,125;NaN;0,127;0,081
642;3449394;0;3505631;83769;0,125;NaN;0,127;0,087
643;3436445;0;3499875;78957;0,124;NaN;0,126;0,082
644;3428991;0;3489115;78965;0,124;NaN;0,126;0,082
645;3423491;0;3485090;87380;0,124;NaN;0,126;0,090
646;3409363;0;3478710;80086;0,123;NaN;0,126;0,083
647;3405404;0;3470855;78900;0,123;NaN;0,125;0,082
648;3399693;0;3466870;80246;0,123;NaN;0,125;0,083
649;3391810;0;3458404;78971;0,122;NaN;0,125;0,082
650;3381376;0;3453667;76870;0,122;NaN;0,125;0,080
651;3369903;0;3446782;73435;0,122;NaN;0,124;0,076
652;3364155;0;3438128;90421;0,121;NaN;0,124;0,094
653;3353805;0;3428573;74930;0,121;NaN;0,124;0,078
654;3344523;0;3423618;77037;0,121;NaN;0,124;0,080
655;3338121;0;3419831;75579;0,121;NaN;0,123;0,078
656;3330656;0;3412639;77051;0,120;NaN;0,123;0,080
657;3318914;0;3405714;76263;0,120;NaN;0,123;0,079
658;3311048;0;3397873;77433;0,120;NaN;0,123;0,080
659;3297718;0;3393789;81255;0,119;NaN;0,123;0,084
660;3296313;0;3387136;73151;0,119;NaN;0,122;0,076
661;3284924;0;3377962;73558;0,119;NaN;0,122;0,076
662;3278314;0;3374124;74367;0,118;NaN;0,122;0,077
663;3262963;0;3365845;73803;0,118;NaN;0,122;0,076
664;3255083;0;3354157;75862;0,118;NaN;0,121;0,078
665;3244633;0;3347016;74515;0,117;NaN;0,121;0,077
666;3238291;0;3344905;77528;0,117;NaN;0,121;0,080
667;3225348;0;3338127;71703;0,116;NaN;0,121;0,074
668;3215912;0;3328048;73080;0,116;NaN;0,120;0,076
669;3207314;0;3319291;69327;0,116;NaN;0,120;0,072
670;3199796;0;3315600;70989;0,116;NaN;0,120;0,073
671;3191679;0;3312271;73504;0,115;NaN;0,120;0,076
672;3181148;0;3298772;80135;0,115;NaN;0,119;0,083
673;3172656;0;3293742;70595;0,115;NaN;0,119;0,073
674;3159574;0;3286568;70003;0,114;NaN;0,119;0,072
675;3153032;0;3280126;66599;0,114;NaN;0,118;0,069
676;3142366;0;3271331;69182;0,113;NaN;0,118;0,072
677;3135437;0;3266435;69343;0,113;NaN;0,118;0,072
678;3125772;0;3257421;65028;0,113;NaN;0,118;0,067
679;3116028;0;3250773;86045;0,113;NaN;0,117;0,089
680;3107753;0;3245360;63650;0,112;NaN;0,117;0,066
681;3099297;0;3236748;64749;0,112;NaN;0,117;0,067
682;3090944;0;3227530;67844;0,112;NaN;0,117;0,070
683;3083664;0;3220996;65091;0,111;NaN;0,116;0,067
684;3072525;0;3216061;67566;0,111;NaN;0,116;0,070
685;3062656;0;3206150;77053;0,111;NaN;0,116;0,080
686;3053273;0;3199812;66327;0,110;NaN;0,116;0,069
687;3047752;0;3193632;64818;0,110;NaN;0,115;0,067
688;3036158;0;3180892;65035;0,110;NaN;0,115;0,067
689;3029297;0;3177537;62297;0,109;NaN;0,115;0,064
690;3017741;0;3171309;65971;0,109;NaN;0,115;0,068
691;3006251;0;3159984;63042;0,109;NaN;0,114;0,065
692;2998294;0;3154927;74873;0,108;NaN;0,114;0,077
693;2995617;0;3147612;63040;0,108;NaN;0,114;0,065
694;2986180;0;3140043;62694;0,108;NaN;0,113;0,065
695;2978540;0;3134307;61810;0,108;NaN;0,113;0,064
696;2968552;0;3124105;62567;0,107;NaN;0,113;0,065
697;2959537;0;3117197;59075;0,107;NaN;0,113;0,061
698;2953167;0;3109082;74133;0,107;NaN;0,112;0,077
699;2942159;0;3103731;62399;0,106;NaN;0,112;0,065
700;2934467;0;3098179;59826;0,106;NaN;0,112;0,062
701;2923649;0;3088467;62265;0,106;NaN;0,112;0,064
702;2913370;0;3082793;58848;0,105;NaN;0,111;0,061
703;2906019;0;3071193;61680;0,105;NaN;0,111;0,064
704;2895542;0;3066621;66411;0,105;NaN;0,111;0,069
705;2887959;0;3061475;63732;0,104;NaN;0,111;0,066
706;2874602;0;3050841;57959;0,104;NaN;0,110;0,060
707;2866524;0;3047833;60590;0,104;NaN;0,110;0,063
708;2858952;0;3037195;57550;0,103;NaN;0,110;0,060
709;2848376;0;3026732;58281;0,103;NaN;0,109;0,060
710;2838660;0;3019950;67039;0,102;NaN;0,109;0,069
711;2830573;0;3011970;58154;0,102;NaN;0,109;0,060
712;2824149;0;3003062;55894;0,102;NaN;0,108;0,058
713;2816938;0;2994199;61516;0,102;NaN;0,108;0,064
714;2810255;0;2988101;56947;0,101;NaN;0,108;0,059
715;2802736;0;2981855;56621;0,101;NaN;0,108;0,059
716;2793036;0;2977164;55742;0,101;NaN;0,107;0,058
717;2784807;0;2967578;63951;0,101;NaN;0,107;0,066
718;2776614;0;2956373;56993;0,100;NaN;0,107;0,059
719;2766755;0;2948198;57834;0,100;NaN;0,106;0,060
720;2760164;0;2940876;54849;0,100;NaN;0,106;0,057
721;2753226;0;2935591;54365;0,099;NaN;0,106;0,056
722;2741949;0;2925494;56732;0,099;NaN;0,106;0,059
723;2730654;0;2919464;60410;0,099;NaN;0,105;0,062
724;2722016;0;2912601;55849;0,098;NaN;0,105;0,058
725;2715262;0;2904535;54307;0,098;NaN;0,105;0,056
726;2709100;0;2896017;53770;0,098;NaN;0,105;0,056
727;2697219;0;2890390;57156;0,097;NaN;0,104;0,059
728;2687143;0;2882388;52033;0,097;NaN;0,104;0,054
729;2680704;0;2872679;60802;0,097;NaN;0,104;0,063
730;2674501;0;2864760;51832;0,097;NaN;0,103;0,054
731;2666920;0;2857847;53751;0,096;NaN;0,103;0,056
732;2656750;0;2848801;53721;0,096;NaN;0,103;0,056
733;2647495;0;2842198;54798;0,096;NaN;0,103;0,057
734;2638917;0;2835086;49826;0,095;NaN;0,102;0,052
735;2630699;0;2825811;59280;0,095;NaN;0,102;0,061
736;2622176;0;2820427;50540;0,095;NaN;0,102;0,052
737;2613715;0;2809508;52800;0,094;NaN;0,101;0,055
738;2603518;0;2803417;51805;0,094;NaN;0,101;0,054
739;2599119;0;2794227;52782;0,094;NaN;0,101;0,055
740;2591349;0;2788724;48002;0,094;NaN;0,101;0,050
741;2584982;0;2776948;57533;0,093;NaN;0,100;0,060
742;2576853;0;2772654;48427;0,093;NaN;0,100;0,050
743;2568556;0;2762342;53619;0,093;NaN;0,100;0,055
744;2562153;0;2757085;48514;0,093;NaN;0,100;0,050
745;2556073;0;2752504;50543;0,092;NaN;0,099;0,052
746;2546527;0;2740216;49458;0,092;NaN;0,099;0,051
747;2535492;0;2731400;55047;0,092;NaN;0,099;0,057
748;2527381;0;2724845;49529;0,091;NaN;0,098;0,051
749;2519051;0;2714856;46707;0,091;NaN;0,098;0,048
750;2509604;0;2710306;50052;0,091;NaN;0,098;0,052
751;2504045;0;2701360;49425;0,090;NaN;0,098;0,051
752;2493739;0;2694671;45451;0,090;NaN;0,097;0,047
753;2485971;0;2687393;54718;0,090;NaN;0,097;0,057
754;2473988;0;2679070;47125;0,089;NaN;0,097;0,049
755;2466651;0;2668595;46946;0,089;NaN;0,096;0,049
756;2459407;0;2661987;49308;0,089;NaN;0,096;0,051
757;2449368;0;2653392;44589;0,088;NaN;0,096;0,046
758;2441027;0;2645265;53196;0,088;NaN;0,096;0,055
759;2432352;0;2637536;45765;0,088;NaN;0,095;0,047
760;2420775;0;2633907;44467;0,087;NaN;0,095;0,046
761;2416450;0;2620429;48937;0,087;NaN;0,095;0,051
762;2408101;0;2614794;42932;0,087;NaN;0,094;0,044
763;2398451;0;2609479;46164;0,087;NaN;0,094;0,048
764;2389395;0;2597930;51215;0,086;NaN;0,094;0,053
765;2382478;0;2591779;43307;0,086;NaN;0,094;0,045
766;2372408;0;2581628;47918;0,086;NaN;0,093;0,050
767;2364076;0;2575113;43460;0,085;NaN;0,093;0,045
768;2358015;0;2568144;43580;0,085;NaN;0,093;0,045
769;2350031;0;2561384;45107;0,085;NaN;0,092;0,047
770;2342062;0;2549466;49669;0,085;NaN;0,092;0,051
771;2335316;0;2543133;44941;0,084;NaN;0,092;0,046
772;2326138;0;2537995;42701;0,084;NaN;0,092;0,044
773;2317251;0;2528009;43771;0,084;NaN;0,091;0,045
774;2309443;0;2518208;42821;0,083;NaN;0,091;0,044
775;2300011;0;2513175;43038;0,083;NaN;0,091;0,045
776;2291416;0;2506078;49280;0,083;NaN;0,090;0,051
777;2286754;0;2496084;42488;0,083;NaN;0,090;0,044
778;2280956;0;2490508;41863;0,082;NaN;0,090;0,043
779;2268826;0;2483094;41633;0,082;NaN;0,090;0,043
780;2265207;0;2475060;43011;0,082;NaN;0,089;0,044
781;2257265;0;2465586;48493;0,082;NaN;0,089;0,050
782;2246827;0;2456684;41190;0,081;NaN;0,089;0,043
783;2236713;0;2448250;39076;0,081;NaN;0,088;0,040
784;2229966;0;2444013;42822;0,081;NaN;0,088;0,044
785;2222071;0;2432305;40019;0,080;NaN;0,088;0,041
786;2214111;0;2427568;41076;0,080;NaN;0,088;0,042
787;2207013;0;2418076;45972;0,080;NaN;0,087;0,048
788;2197726;0;2411608;39851;0,079;NaN;0,087;0,041
789;2188645;0;2401063;40414;0,079;NaN;0,087;0,042
790;2183769;0;2397303;38760;0,079;NaN;0,087;0,040
791;2176339;0;2385293;40570;0,079;NaN;0,086;0,042
792;2166378;0;2378542;44897;0,078;NaN;0,086;0,046
793;2162546;0;2370532;37868;0,078;NaN;0,086;0,039
794;2156076;0;2366258;40107;0,078;NaN;0,085;0,041
795;2145453;0;2358730;38161;0,077;NaN;0,085;0,039
796;2138091;0;2347256;37370;0,077;NaN;0,085;0,039
797;2130168;0;2339947;39260;0,077;NaN;0,084;0,041
798;2122884;0;2331905;42125;0,077;NaN;0,084;0,044
799;2112645;0;2326370;38481;0,076;NaN;0,084;0,040
800;2106400;0;2318495;38137;0,076;NaN;0,084;0,039
801;2102902;0;2309423;36809;0,076;NaN;0,083;0,038
802;2094221;0;2302914;36656;0,076;NaN;0,083;0,038
803;2085714;0;2292984;43623;0,075;NaN;0,083;0,045
804;2076231;0;2286583;36049;0,075;NaN;0,083;0,037
805;2070341;0;2282367;37246;0,075;NaN;0,082;0,039
806;2063965;0;2275486;35069;0,075;NaN;0,082;0,036
807;2058397;0;2262598;35719;0,074;NaN;0,082;0,037
808;2050653;0;2257095;39343;0,074;NaN;0,081;0,041
809;2040095;0;2248625;38302;0,074;NaN;0,081;0,040
810;2035359;0;2244742;35982;0,073;NaN;0,081;0,037
811;2026828;0;2234626;33908;0,073;NaN;0,081;0,035
812;2021137;0;2228251;35352;0,073;NaN;0,080;0,037
813;2016233;0;2219716;36830;0,073;NaN;0,080;0,038
814;2008298;0;2211696;37827;0,073;NaN;0,080;0,039
815;2002316;0;2202260;36160;0,072;NaN;0,080;0,037
816;1993857;0;2195509;34078;0,072;NaN;0,079;0,035
817;1987487;0;2192144;32969;0,072;NaN;0,079;0,034
818;1979283;0;2185136;34454;0,071;NaN;0,079;0,036
819;1974265;0;2173828;33124;0,071;NaN;0,078;0,034
820;1967165;0;2166574;38720;0,071;NaN;0,078;0,040
821;1960102;0;2161633;33132;0,071;NaN;0,078;0,034
822;1951273;0;2154441;33040;0,070;NaN;0,078;0,034
823;1946714;0;2143672;33298;0,070;NaN;0,077;0,034
824;1935757;0;2138936;31576;0,070;NaN;0,077;0,033
825;1928101;0;2131431;37563;0,070;NaN;0,077;0,039
826;1922213;0;2120706;33126;0,069;NaN;0,077;0,034
827;1913773;0;2115254;32073;0,069;NaN;0,076;0,033
828;1909683;0;2108991;31143;0,069;NaN;0,076;0,032
829;1899917;0;2099284;32047;0,069;NaN;0,076;0,033
830;1892877;0;2094197;35684;0,068;NaN;0,076;0,037
831;1889763;0;2090168;32358;0,068;NaN;0,075;0,033
832;1880490;0;2080283;29901;0,068;NaN;0,075;0,031
833;1876766;0;2073433;31535;0,068;NaN;0,075;0,033
834;1868724;0;2065592;30806;0,067;NaN;0,075;0,032
835;1863577;0;2061057;30776;0,067;NaN;0,074;0,032
836;1857178;0;2051679;35482;0,067;NaN;0,074;0,037
837;1849995;0;2045425;28787;0,067;NaN;0,074;0,030
838;1840024;0;2038288;30561;0,066;NaN;0,074;0,032
839;1834471;0;2031314;29222;0,066;NaN;0,073;0,030
840;1829379;0;2024788;30047;0,066;NaN;0,073;0,031
841;1822763;0;2017712;34206;0,066;NaN;0,073;0,035
842;1816855;0;2010083;27964;0,066;NaN;0,073;0,029
843;1811858;0;2005135;30214;0,065;NaN;0,072;0,031
844;1804162;0;1994993;29615;0,065;NaN;0,072;0,031
845;1797380;0;1988608;27872;0,065;NaN;0,072;0,029
846;1792489;0;1980754;32725;0,065;NaN;0,072;0,034
847;1787096;0;1979530;27810;0,065;NaN;0,071;0,029
848;1778883;0;1968200;29992;0,064;NaN;0,071;0,031
849;1774281;0;1961535;27397;0,064;NaN;0,071;0,028
850;1764057;0;1955464;26624;0,064;NaN;0,071;0,028
851;1758269;0;1951771;31811;0,063;NaN;0,070;0,033
852;1749749;0;1945044;29199;0,063;NaN;0,070;0,030
853;1744578;0;1935649;26323;0,063;NaN;0,070;0,027
854;1738557;0;1929234;26617;0,063;NaN;0,070;0,028
855;1731807;0;1922295;26660;0,063;NaN;0,069;0,028
856;1726362;0;1915997;31944;0,062;NaN;0,069;0,033
857;1719111;0;1907838;26341;0,062;NaN;0,069;0,027
858;1711220;0;1902499;25680;0,062;NaN;0,069;0,027
859;1706953;0;1893400;27571;0,062;NaN;0,068;0,029
860;1697818;0;1885998;24987;0,061;NaN;0,068;0,026
861;1692590;0;1880048;27880;0,061;NaN;0,068;0,029
862;1688450;0;1873768;28737;0,061;NaN;0,068;0,030
863;1681684;0;1867327;26513;0,061;NaN;0,067;0,027
864;1672369;0;1859139;24044;0,060;NaN;0,067;0,025
865;1669030;0;1854258;25656;0,060;NaN;0,067;0,027
866;1660303;0;1847302;26185;0,060;NaN;0,067;0,027
867;1654802;0;1840078;28157;0,060;NaN;0,066;0,029
868;1648722;0;1835780;24694;0,060;NaN;0,066;0,026
869;1641718;0;1829019;24689;0,059;NaN;0,066;0,026
870;1635703;0;1820733;26399;0,059;NaN;0,066;0,027
871;1629889;0;1815385;22841;0,059;NaN;0,066;0,024
872;1625234;0;1807371;26200;0,059;NaN;0,065;0,027
873;1620893;0;1800888;26148;0,059;NaN;0,065;0,027
874;1610976;0;1795097;23593;0,058;NaN;0,065;0,024
875;1605505;0;1791463;24249;0,058;NaN;0,065;0,025
876;1600858;0;1782575;22356;0,058;NaN;0,064;0,023
877;1595929;0;1778087;27240;0,058;NaN;0,064;0,028
878;1590041;0;1771172;24086;0,057;NaN;0,064;0,025
879;1584665;0;1763603;22039;0,057;NaN;0,064;0,023
880;1577815;0;1757859;23355;0,057;NaN;0,063;0,024
881;1573209;0;1750318;24364;0,057;NaN;0,063;0,025
882;1568068;0;1744264;25048;0,057;NaN;0,063;0,026
883;1563461;0;1737084;21967;0,056;NaN;0,063;0,023
884;1557321;0;1731289;21795;0,056;NaN;0,063;0,023
885;1550837;0;1725614;24583;0,056;NaN;0,062;0,025
886;1549002;0;1718873;21413;0,056;NaN;0,062;0,022
887;1543632;0;1712617;23691;0,056;NaN;0,062;0,025
888;1535797;0;1705761;22336;0,055;NaN;0,062;0,023
889;1531814;0;1699738;21817;0,055;NaN;0,061;0,023
890;1526271;0;1694678;22294;0,055;NaN;0,061;0,023
891;1521940;0;1687631;20085;0,055;NaN;0,061;0,021
892;1518081;0;1680021;25000;0,055;NaN;0,061;0,026
893;1514078;0;1675398;20685;0,055;NaN;0,060;0,021
894;1509516;0;1666973;21697;0,055;NaN;0,060;0,022
895;1503436;0;1663274;20028;0,054;NaN;0,060;0,021
896;1497496;0;1653769;21858;0,054;NaN;0,060;0,023
897;1491756;0;1651036;23321;0,054;NaN;0,060;0,024
898;1487565;0;1643564;18639;0,054;NaN;0,059;0,019
899;1482474;0;1639437;21814;0,054;NaN;0,059;0,023
900;1475426;0;1633504;19772;0,053;NaN;0,059;0,020
901;1471435;0;1626141;20253;0,053;NaN;0,059;0,021
902;1466081;0;1620497;21582;0,053;NaN;0,059;0,022
903;1461570;0;1612703;20877;0,053;NaN;0,058;0,022
904;1457477;0;1606722;19613;0,053;NaN;0,058;0,020
905;1449483;0;1601987;19479;0,052;NaN;0,058;0,020
906;1445138;0;1596223;20481;0,052;NaN;0,058;0,021
907;1438755;0;1585249;20332;0,052;NaN;0,057;0,021
908;1433525;0;1582170;18701;0,052;NaN;0,057;0,019
909;1428068;0;1575214;19747;0,052;NaN;0,057;0,020
910;1421813;0;1572235;16902;0,051;NaN;0,057;0,017
911;1415521;0;1563635;21153;0,051;NaN;0,056;0,022
912;1407645;0;1557968;20154;0,051;NaN;0,056;0,021
913;1403120;0;1553964;17858;0,051;NaN;0,056;0,018
914;1399323;0;1547427;18471;0,051;NaN;0,056;0,019
915;1391326;0;1541744;17117;0,050;NaN;0,056;0,018
916;1387725;0;1534345;21217;0,050;NaN;0,055;0,022
917;1381841;0;1527542;17423;0,050;NaN;0,055;0,018
918;1376789;0;1523615;18837;0,050;NaN;0,055;0,019
919;1371276;0;1517872;16793;0,050;NaN;0,055;0,017
920;1365027;0;1511200;15812;0,049;NaN;0,055;0,016
921;1359518;0;1504949;21533;0,049;NaN;0,054;0,022
922;1352057;0;1498144;17077;0,049;NaN;0,054;0,018
923;1347339;0;1492622;17935;0,049;NaN;0,054;0,019
924;1344636;0;1487907;16065;0,049;NaN;0,054;0,017
925;1335805;0;1481304;16253;0,048;NaN;0,053;0,017
926;1331296;0;1475704;18721;0,048;NaN;0,053;0,019
927;1325100;0;1469164;16988;0,048;NaN;0,053;0,018
928;1321520;0;1463319;16166;0,048;NaN;0,053;0,017
929;1314193;0;1456782;16042;0,047;NaN;0,053;0,017
930;1307166;0;1453320;18695;0,047;NaN;0,052;0,019
931;1301615;0;1447121;15920;0,047;NaN;0,052;0,016
932;1297356;0;1441360;16453;0,047;NaN;0,052;0,017
933;1290138;0;1434414;15148;0,047;NaN;0,052;0,016
934;1284243;0;1430785;14820;0,046;NaN;0,052;0,015
935;1279114;0;1424901;18450;0,046;NaN;0,051;0,019
936;1270900;0;1417862;14996;0,046;NaN;0,051;0,016
937;1264639;0;1411469;15335;0,046;NaN;0,051;0,016
938;1260039;0;1405481;14559;0,045;NaN;0,051;0,015
939;1253861;0;1400518;14986;0,045;NaN;0,051;0,016
940;1249104;0;1396410;17270;0,045;NaN;0,050;0,018
941;1245225;0;1389310;14454;0,045;NaN;0,050;0,015
942;1237703;0;1381403;14327;0,045;NaN;0,050;0,015
943;1231698;0;1377960;14502;0,044;NaN;0,050;0,015
944;1226554;0;1371772;16598;0,044;NaN;0,050;0,017
945;1223347;0;1365512;13999;0,044;NaN;0,049;0,014
946;1216364;0;1360357;13975;0,044;NaN;0,049;0,014
947;1209541;0;1355759;13703;0,044;NaN;0,049;0,014
948;1204964;0;1350536;13290;0,044;NaN;0,049;0,014
949;1199172;0;1344930;16108;0,043;NaN;0,049;0,017
950;1194085;0;1337316;12900;0,043;NaN;0,048;0,013
951;1190214;0;1331716;13799;0,043;NaN;0,048;0,014
952;1182376;0;1325190;12732;0,043;NaN;0,048;0,013
953;1175345;0;1320139;13337;0,042;NaN;0,048;0,014
954;1171318;0;1313713;14598;0,042;NaN;0,047;0,015
955;1167817;0;1309640;12740;0,042;NaN;0,047;0,013
956;1159076;0;1302898;12932;0,042;NaN;0,047;0,013
957;1153347;0;1299235;11795;0,042;NaN;0,047;0,012
958;1148644;0;1290718;14045;0,041;NaN;0,047;0,015
959;1141452;0;1288852;12399;0,041;NaN;0,047;0,013
960;1137781;0;1281249;12629;0,041;NaN;0,046;0,013
961;1131225;0;1275965;11946;0,041;NaN;0,046;0,012
962;1126369;0;1272208;11941;0,041;NaN;0,046;0,012
963;1123163;0;1265998;13139;0,041;NaN;0,046;0,014
964;1117150;0;1259581;11479;0,040;NaN;0,045;0,012
965;1111350;0;1255146;11380;0,040;NaN;0,045;0,012
966;1106274;0;1249666;11864;0,040;NaN;0,045;0,012
967;1102287;0;1244648;13060;0,040;NaN;0,045;0,014
968;1096966;0;1238601;10875;0,040;NaN;0,045;0,011
969;1090216;0;1232470;10639;0,039;NaN;0,045;0,011
970;1084717;0;1226369;11034;0,039;NaN;0,044;0,011
971;1080951;0;1222510;10601;0,039;NaN;0,044;0,011
972;1076160;0;1214815;12833;0,039;NaN;0,044;0,013
973;1069268;0;1209836;9861;0,039;NaN;0,044;0,010
974;1065429;0;1203347;10074;0,038;NaN;0,043;0,010
975;1060297;0;1200858;10613;0,038;NaN;0,043;0,011
976;1056669;0;1197192;9604;0,038;NaN;0,043;0,010
977;1049523;0;1187969;12125;0,038;NaN;0,043;0,013
978;1045590;0;1183555;9581;0,038;NaN;0,043;0,010
979;1040970;0;1178438;9745;0,038;NaN;0,043;0,010
980;1035701;0;1172088;9167;0,037;NaN;0,042;0,009
981;1031479;0;1168280;11447;0,037;NaN;0,042;0,012
982;1026896;0;1160806;9035;0,037;NaN;0,042;0,009
983;1022798;0;1157665;9384;0,037;NaN;0,042;0,010
984;1019262;0;1151366;8320;0,037;NaN;0,042;0,009
985;1013877;0;1146421;11090;0,037;NaN;0,041;0,011
986;1009672;0;1139385;8642;0,036;NaN;0,041;0,009
987;1005646;0;1136732;8525;0,036;NaN;0,041;0,009
988;1002552;0;1129049;8017;0,036;NaN;0,041;0,008
989;997888;0;1124276;8644;0,036;NaN;0,041;0,009
990;995048;0;1119408;9669;0,036;NaN;0,040;0,010
991;989177;0;1115543;8332;0,036;NaN;0,040;0,009
992;985145;0;1105995;7819;0,036;NaN;0,040;0,008
993;980706;0;1102234;7904;0,035;NaN;0,040;0,008
994;978351;0;1099638;9214;0,035;NaN;0,040;0,010
995;974098;0;1093679;7745;0,035;NaN;0,039;0,008
996;969629;0;1088296;6677;0,035;NaN;0,039;0,007
997;966252;0;1082027;7590;0,035;NaN;0,039;0,008
998;962091;0;1078064;7538;0,035;NaN;0,039;0,008
999;959564;0;1072401;8410;0,035;NaN;0,039;0,009
1000;955375;0;1066386;6996;0,034;NaN;0,039;0,007
1001;951902;0;1061972;6775;0,034;NaN;0,038;0,007
1002;946999;0;1056787;6340;0,034;NaN;0,038;0,007
1003;942468;0;1052653;8440;0,034;NaN;0,038;0,009
1004;940084;0;1046915;6607;0,034;NaN;0,038;0,007
1005;935993;0;1039878;5714;0,034;NaN;0,038;0,006
1006;932603;0;1035825;5930;0,034;NaN;0,037;0,006
1007;927420;0;1032244;6345;0,033;NaN;0,037;0,007
1008;924996;0;1027547;7449;0,033;NaN;0,037;0,008
1009;920174;0;1020940;5610;0,033;NaN;0,037;0,006
1010;915296;0;1014975;5833;0,033;NaN;0,037;0,006
1011;913137;0;1009904;5401;0,033;NaN;0,036;0,006
1012;907893;0;1004994;6605;0,033;NaN;0,036;0,007
1013;904010;0;1000980;5286;0,033;NaN;0,036;0,005
1014;901103;0;995819;5127;0,033;NaN;0,036;0,005
1015;894909;0;989498;5246;0,032;NaN;0,036;0,005
1016;891443;0;985327;6299;0,032;NaN;0,036;0,007
1017;884534;0;979771;4350;0,032;NaN;0,035;0,004
1018;880600;0;975475;4588;0,032;NaN;0,035;0,005
1019;875389;0;970649;4738;0,032;NaN;0,035;0,005
1020;872958;0;967634;4092;0,032;NaN;0,035;0,004
1021;868242;0;961204;5853;0,031;NaN;0,035;0,006
1022;864752;0;955965;4176;0,031;NaN;0,035;0,004
1023;858727;0;949578;4029;0,031;NaN;0,034;0,004
1024;855328;0;946406;3518;0,031;NaN;0,034;0,004
1025;851884;0;940901;5306;0,031;NaN;0,034;0,005
1026;848473;0;937015;3842;0,031;NaN;0,034;0,004
1027;843409;0;931250;3705;0,030;NaN;0,034;0,004
1028;840200;0;927363;3245;0,030;NaN;0,033;0,003
1029;834999;0;919958;4558;0,030;NaN;0,033;0,005
1030;831208;0;916394;3439;0,030;NaN;0,033;0,004
1031;825994;0;911275;3087;0,030;NaN;0,033;0,003
1032;822886;0;908345;2848;0,030;NaN;0,033;0,003
1033;816708;0;903194;4170;0,029;NaN;0,033;0,004
1034;813024;0;898085;2862;0,029;NaN;0,032;0,003
1035;809397;0;893354;2705;0,029;NaN;0,032;0,003
1036;803264;0;887528;2518;0,029;NaN;0,032;0,003
1037;801174;0;883628;2419;0,029;NaN;0,032;0,003
1038;795463;0;878168;3639;0,029;NaN;0,032;0,004
1039;791003;0;874466;2243;0,029;NaN;0,032;0,002
1040;783973;0;868923;1961;0,028;NaN;0,031;0,002
1041;780620;0;865101;2052;0,028;NaN;0,031;0,002
1042;777162;0;859024;3355;0,028;NaN;0,031;0,003
1043;772954;0;855912;1651;0,028;NaN;0,031;0,002
1044;767664;0;849316;1934;0,028;NaN;0,031;0,002
1045;764115;0;845747;1554;0,028;NaN;0,031;0,002
1046;758872;0;841264;2767;0,027;NaN;0,030;0,003
1047;755113;0;837871;1459;0,027;NaN;0,030;0,002
1048;752562;0;831574;1322;0,027;NaN;0,030;0,001
1049;745807;0;827868;1337;0,027;NaN;0,030;0,001
1050;740327;0;822607;2306;0,027;NaN;0,030;0,002
1051;739034;0;818895;988;0,027;NaN;0,030;0,001
1052;733913;0;813283;1040;0,026;NaN;0,029;0,001
1053;729203;0;808525;991;0,026;NaN;0,029;0,001
1054;725856;0;801989;897;0,026;NaN;0,029;0,001
1055;719385;0;799210;1571;0,026;NaN;0,029;0,002
1056;715191;0;795867;769;0,026;NaN;0,029;0,001
1057;711046;0;789430;656;0,026;NaN;0,029;0,001
1058;705876;0;784572;586;0,025;NaN;0,028;0,001
1059;702245;0;779870;1113;0,025;NaN;0,028;0,001
1060;697554;0;776799;483;0,025;NaN;0,028;0,000
1061;693582;0;772508;483;0,025;NaN;0,028;0,000
1062;689430;0;766413;342;0,025;NaN;0,028;0,000
1063;686030;0;763409;754;0,025;NaN;0,028;0,001
1064;681850;0;757663;302;0,025;NaN;0,027;0,000
1065;679228;0;753476;265;0,025;NaN;0,027;0,000
1066;676418;0;749066;233;0,024;NaN;0,027;0,000
1067;670500;0;745721;300;0,024;NaN;0,027;0,000
1068;668628;0;740023;203;0,024;NaN;0,027;0,000
1069;663197;0;736067;163;0,024;NaN;0,027;0,000
1070;663575;0;732241;155;0,024;NaN;0,026;0,000
1071;657438;0;726494;138;0,024;NaN;0,026;0,000
1072;651960;0;723616;130;0,024;NaN;0,026;0,000
1073;650045;0;718623;124;0,023;NaN;0,026;0,000
1074;645581;0;715779;118;0,023;NaN;0,026;0,000
1075;642113;0;709752;87;0,023;NaN;0,026;0,000
1076;640921;0;706517;89;0,023;NaN;0,026;0,000
1077;635332;0;702320;68;0,023;NaN;0,025;0,000
1078;632048;0;699477;69;0,023;NaN;0,025;0,000
1079;628998;0;692460;63;0,023;NaN;0,025;0,000
1080;624546;0;689022;49;0,023;NaN;0,025;0,000
1081;622157;0;685243;32;0,022;NaN;0,025;0,000
1082;618500;0;681452;22;0,022;NaN;0,025;0,000
1083;613660;0;676873;18;0,022;NaN;0,024;0,000
1084;612272;0;673217;17;0,022;NaN;0,024;0,000
1085;606824;0;668608;14;0,022;NaN;0,024;0,000
1086;603621;0;663839;4;0,022;NaN;0,024;0,000
1087;601576;0;659977;0;0,022;NaN;0,024;0,000
1088;596368;0;656228;0;0,022;NaN;0,024;0,000
1089;593912;0;650988;0;0,021;NaN;0,024;0,000
1090;591484;0;647095;0;0,021;NaN;0,023;0,000
1091;587901;0;643798;0;0,021;NaN;0,023;0,000
1092;583379;0;639306;0;0,021;NaN;0,023;0,000
1093;580491;0;634722;0;0,021;NaN;0,023;0,000
1094;577473;0;631685;0;0,021;NaN;0,023;0,000
1095;573981;0;628660;0;0,021;NaN;0,023;0,000
1096;571767;0;623360;0;0,021;NaN;0,023;0,000
1097;568042;0;619880;0;0,021;NaN;0,022;0,000
1098;564470;0;612759;0;0,020;NaN;0,022;0,000
1099;562159;0;611050;0;0,020;NaN;0,022;0,000
1100;559066;0;608501;0;0,020;NaN;0,022;0,000
1101;554456;0;602062;0;0,020;NaN;0,022;0,000
1102;551760;0;598799;0;0,020;NaN;0,022;0,000
1103;547118;0;594789;0;0,020;NaN;0,021;0,000
1104;544073;0;590298;0;0,020;NaN;0,021;0,000
1105;542368;0;587177;0;0,020;NaN;0,021;0,000
1106;538955;0;583176;0;0,019;NaN;0,021;0,000
1107;534098;0;579896;0;0,019;NaN;0,021;0,000
1108;530911;0;575377;0;0,019;NaN;0,021;0,000
1109;527493;0;571807;0;0,019;NaN;0,021;0,000
1110;524381;0;568624;0;0,019;NaN;0,021;0,000
1111;521816;0;565986;0;0,019;NaN;0,020;0,000
1112;518981;0;560251;0;0,019;NaN;0,020;0,000
1113;515818;0;556297;0;0,019;NaN;0,020;0,000
1114;511423;0;553095;0;0,018;NaN;0,020;0,000
1115;507777;0;548564;0;0,018;NaN;0,020;0,000
1116;503815;0;545735;0;0,018;NaN;0,020;0,000
1117;502963;0;541926;0;0,018;NaN;0,020;0,000
1118;499058;0;538572;0;0,018;NaN;0,019;0,000
1119;494428;0;534677;0;0,018;NaN;0,019;0,000
1120;491791;0;531362;0;0,018;NaN;0,019;0,000
1121;486962;0;527822;0;0,018;NaN;0,019;0,000
1122;484880;0;523310;0;0,018;NaN;0,019;0,000
1123;482384;0;519239;0;0,017;NaN;0,019;0,000
1124;477651;0;516010;0;0,017;NaN;0,019;0,000
1125;476493;0;513408;0;0,017;NaN;0,019;0,000
1126;471470;0;509581;0;0,017;NaN;0,018;0,000
1127;469592;0;504653;0;0,017;NaN;0,018;0,000
1128;466332;0;500415;0;0,017;NaN;0,018;0,000
1129;462670;0;498393;0;0,017;NaN;0,018;0,000
1130;459477;0;494853;0;0,017;NaN;0,018;0,000
1131;456323;0;490682;0;0,016;NaN;0,018;0,000
1132;453668;0;487174;0;0,016;NaN;0,018;0,000
1133;449339;0;484168;0;0,016;NaN;0,017;0,000
1134;445999;0;479540;0;0,016;NaN;0,017;0,000
1135;443163;0;477750;0;0,016;NaN;0,017;0,000
1136;440179;0;474339;0;0,016;NaN;0,017;0,000
1137;436909;0;470618;0;0,016;NaN;0,017;0,000
1138;433086;0;465278;0;0,016;NaN;0,017;0,000
1139;430618;0;462231;0;0,016;NaN;0,017;0,000
1140;427123;0;459875;0;0,015;NaN;0,017;0,000
1141;424754;0;457685;0;0,015;NaN;0,017;0,000
1142;421411;0;453530;0;0,015;NaN;0,016;0,000
1143;418648;0;450092;0;0,015;NaN;0,016;0,000
1144;417080;0;447591;0;0,015;NaN;0,016;0,000
1145;412394;0;444791;0;0,015;NaN;0,016;0,000
1146;410366;0;439692;0;0,015;NaN;0,016;0,000
1147;407042;0;437117;0;0,015;NaN;0,016;0,000
1148;405170;0;433175;0;0,015;NaN;0,016;0,000
1149;402857;0;430141;0;0,015;NaN;0,016;0,000
1150;399405;0;426048;0;0,014;NaN;0,015;0,000
1151;395718;0;423487;0;0,014;NaN;0,015;0,000
1152;393602;0;420629;0;0,014;NaN;0,015;0,000
1153;390274;0;416759;0;0,014;NaN;0,015;0,000
1154;387632;0;413365;0;0,014;NaN;0,015;0,000
1155;383407;0;409200;0;0,014;NaN;0,015;0,000
1156;382154;0;407048;0;0,014;NaN;0,015;0,000
1157;379099;0;404101;0;0,014;NaN;0,015;0,000
1158;375296;0;401174;0;0,014;NaN;0,014;0,000
1159;371764;0;396909;0;0,013;NaN;0,014;0,000
1160;368622;0;394341;0;0,013;NaN;0,014;0,000
1161;367317;0;391661;0;0,013;NaN;0,014;0,000
1162;364919;0;389149;0;0,013;NaN;0,014;0,000
1163;360429;0;384796;0;0,013;NaN;0,014;0,000
1164;358525;0;382506;0;0,013;NaN;0,014;0,000
1165;354738;0;380183;0;0,013;NaN;0,014;0,000
1166;352395;0;376532;0;0,013;NaN;0,014;0,000
1167;348777;0;373041;0;0,013;NaN;0,013;0,000
1168;345529;0;370167;0;0,012;NaN;0,013;0,000
1169;342636;0;367500;0;0,012;NaN;0,013;0,000
1170;339811;0;363246;0;0,012;NaN;0,013;0,000
1171;337202;0;361508;0;0,012;NaN;0,013;0,000
1172;334989;0;358760;0;0,012;NaN;0,013;0,000
1173;332393;0;356025;0;0,012;NaN;0,013;0,000
1174;329554;0;353491;0;0,012;NaN;0,013;0,000
1175;327318;0;349542;0;0,012;NaN;0,013;0,000
1176;324050;0;345647;0;0,012;NaN;0,012;0,000
1177;322344;0;343858;0;0,012;NaN;0,012;0,000
1178;318900;0;341418;0;0,012;NaN;0,012;0,000
1179;317817;0;337405;0;0,011;NaN;0,012;0,000
1180;316337;0;337492;0;0,011;NaN;0,012;0,000
1181;311738;0;334224;0;0,011;NaN;0,012;0,000
1182;310227;0;331142;0;0,011;NaN;0,012;0,000
1183;306755;0;328049;0;0,011;NaN;0,012;0,000
1184;304580;0;325295;0;0,011;NaN;0,012;0,000
1185;301911;0;321792;0;0,011;NaN;0,012;0,000
1186;300285;0;319039;0;0,011;NaN;0,012;0,000
1187;297157;0;317577;0;0,011;NaN;0,011;0,000
1188;294792;0;313418;0;0,011;NaN;0,011;0,000
1189;292578;0;311622;0;0,011;NaN;0,011;0,000
1190;290043;0;308764;0;0,010;NaN;0,011;0,000
1191;288615;0;306536;0;0,010;NaN;0,011;0,000
1192;285472;0;303113;0;0,010;NaN;0,011;0,000
1193;283082;0;301902;0;0,010;NaN;0,011;0,000
1194;280393;0;298061;0;0,010;NaN;0,011;0,000
1195;277842;0;295338;0;0,010;NaN;0,011;0,000
1196;275644;0;292786;0;0,010;NaN;0,011;0,000
1197;272709;0;290102;0;0,010;NaN;0,010;0,000
1198;270115;0;288430;0;0,010;NaN;0,010;0,000
1199;268892;0;284503;0;0,010;NaN;0,010;0,000
1200;267406;0;282363;0;0,010;NaN;0,010;0,000
1201;263574;0;280161;0;0,010;NaN;0,010;0,000
1202;262225;0;278019;0;0,009;NaN;0,010;0,000
1203;259308;0;274568;0;0,009;NaN;0,010;0,000
1204;257470;0;273138;0;0,009;NaN;0,010;0,000
1205;254867;0;270981;0;0,009;NaN;0,010;0,000
1206;253037;0;269259;0;0,009;NaN;0,010;0,000
1207;250940;0;265565;0;0,009;NaN;0,010;0,000
1208;248281;0;262227;0;0,009;NaN;0,009;0,000
1209;246349;0;260910;0;0,009;NaN;0,009;0,000
1210;244972;0;257692;0;0,009;NaN;0,009;0,000
1211;243053;0;256247;0;0,009;NaN;0,009;0,000
1212;240233;0;253813;0;0,009;NaN;0,009;0,000
1213;238859;0;250961;0;0,009;NaN;0,009;0,000
1214;236197;0;248840;0;0,009;NaN;0,009;0,000
1215;234344;0;247337;0;0,008;NaN;0,009;0,000
1216;232352;0;243487;0;0,008;NaN;0,009;0,000
1217;230097;0;242356;0;0,008;NaN;0,009;0,000
1218;228428;0;239895;0;0,008;NaN;0,009;0,000
1219;225862;0;237987;0;0,008;NaN;0,009;0,000
1220;224631;0;235592;0;0,008;NaN;0,009;0,000
1221;222376;0;233352;0;0,008;NaN;0,008;0,000
1222;220175;0;231698;0;0,008;NaN;0,008;0,000
1223;218744;0;228989;0;0,008;NaN;0,008;0,000
1224;217165;0;226956;0;0,008;NaN;0,008;0,000
1225;214327;0;225080;0;0,008;NaN;0,008;0,000
1226;212992;0;222443;0;0,008;NaN;0,008;0,000
1227;211679;0;220333;0;0,008;NaN;0,008;0,000
1228;207808;0;218951;0;0,008;NaN;0,008;0,000
1229;206859;0;216191;0;0,007;NaN;0,008;0,000
1230;205114;0;214433;0;0,007;NaN;0,008;0,000
1231;203364;0;212566;0;0,007;NaN;0,008;0,000
1232;203099;0;209650;0;0,007;NaN;0,008;0,000
1233;199271;0;208406;0;0,007;NaN;0,008;0,000
1234;197801;0;205738;0;0,007;NaN;0,007;0,000
1235;196923;0;203889;0;0,007;NaN;0,007;0,000
1236;195036;0;202131;0;0,007;NaN;0,007;0,000
1237;193514;0;200281;0;0,007;NaN;0,007;0,000
1238;191713;0;197521;0;0,007;NaN;0,007;0,000
1239;190062;0;195686;0;0,007;NaN;0,007;0,000
1240;187869;0;194353;0;0,007;NaN;0,007;0,000
1241;186707;0;191316;0;0,007;NaN;0,007;0,000
1242;184405;0;189945;0;0,007;NaN;0,007;0,000
1243;183163;0;188346;0;0,007;NaN;0,007;0,000
1244;182118;0;187594;0;0,007;NaN;0,007;0,000
1245;180924;0;184889;0;0,007;NaN;0,007;0,000
1246;178420;0;182242;0;0,006;NaN;0,007;0,000
1247;176670;0;181063;0;0,006;NaN;0,007;0,000
1248;174974;0;179313;0;0,006;NaN;0,006;0,000
1249;173348;0;176496;0;0,006;NaN;0,006;0,000
1250;171709;0;175047;0;0,006;NaN;0,006;0,000
1251;170342;0;173182;0;0,006;NaN;0,006;0,000
1252;168654;0;171633;0;0,006;NaN;0,006;0,000
1253;168233;0;169840;0;0,006;NaN;0,006;0,000
1254;165353;0;167695;0;0,006;NaN;0,006;0,000
1255;163764;0;166724;0;0,006;NaN;0,006;0,000
1256;162818;0;165408;0;0,006;NaN;0,006;0,000
1257;161283;0;162639;0;0,006;NaN;0,006;0,000
1258;159640;0;160584;0;0,006;NaN;0,006;0,000
1259;157551;0;159528;0;0,006;NaN;0,006;0,000
1260;156542;0;158138;0;0,006;NaN;0,006;0,000
1261;154919;0;155805;0;0,006;NaN;0,006;0,000
1262;153407;0;154412;0;0,006;NaN;0,006;0,000
1263;152191;0;152637;0;0,005;NaN;0,006;0,000
1264;150248;0;151300;0;0,005;NaN;0,005;0,000
1265;148865;0;150240;0;0,005;NaN;0,005;0,000
1266;146596;0;148509;0;0,005;NaN;0,005;0,000
1267;146044;0;146393;0;0,005;NaN;0,005;0,000
1268;143552;0;145179;0;0,005;NaN;0,005;0,000
1269;142614;0;143650;0;0,005;NaN;0,005;0,000
1270;140395;0;141914;0;0,005;NaN;0,005;0,000
1271;139314;0;140569;0;0,005;NaN;0,005;0,000
1272;138418;0;138746;0;0,005;NaN;0,005;0,000
1273;136581;0;137415;0;0,005;NaN;0,005;0,000
1274;135139;0;135802;0;0,005;NaN;0,005;0,000
1275;132981;0;134221;0;0,005;NaN;0,005;0,000
1276;130764;0;132607;0;0,005;NaN;0,005;0,000
1277;130514;0;131809;0;0,005;NaN;0,005;0,000
1278;128599;0;130475;0;0,005;NaN;0,005;0,000
1279;126429;0;128471;0;0,005;NaN;0,005;0,000
1280;126103;0;127399;0;0,005;NaN;0,005;0,000
1281;124298;0;125904;0;0,004;NaN;0,005;0,000
1282;122984;0;123569;0;0,004;NaN;0,004;0,000
1283;121509;0;122783;0;0,004;NaN;0,004;0,000
1284;119502;0;120677;0;0,004;NaN;0,004;0,000
1285;118027;0;119613;0;0,004;NaN;0,004;0,000
1286;116913;0;118586;0;0,004;NaN;0,004;0,000
1287;116106;0;117058;0;0,004;NaN;0,004;0,000
1288;114271;0;116132;0;0,004;NaN;0,004;0,000
1289;112471;0;115160;0;0,004;NaN;0,004;0,000
1290;111781;0;113441;0;0,004;NaN;0,004;0,000
1291;110071;0;112298;0;0,004;NaN;0,004;0,000
1292;109268;0;110908;0;0,004;NaN;0,004;0,000
1293;107633;0;109128;0;0,004;NaN;0,004;0,000
1294;106863;0;108077;0;0,004;NaN;0,004;0,000
1295;105075;0;106947;0;0,004;NaN;0,004;0,000
1296;103881;0;105425;0;0,004;NaN;0,004;0,000
1297;102578;0;104607;0;0,004;NaN;0,004;0,000
1298;100992;0;102925;0;0,004;NaN;0,004;0,000
1299;99748;0;101682;0;0,004;NaN;0,004;0,000
1300;98659;0;100219;0;0,004;NaN;0,004;0,000
1301;97360;0;99641;0;0,004;NaN;0,004;0,000
1302;96439;0;97976;0;0,003;NaN;0,004;0,000
1303;94915;0;97270;0;0,003;NaN;0,004;0,000
1304;93679;0;95698;0;0,003;NaN;0,003;0,000
1305;92383;0;95130;0;0,003;NaN;0,003;0,000
1306;91387;0;93774;0;0,003;NaN;0,003;0,000
1307;89935;0;91841;0;0,003;NaN;0,003;0,000
1308;88875;0;91338;0;0,003;NaN;0,003;0,000
1309;87608;0;90323;0;0,003;NaN;0,003;0,000
1310;86699;0;89034;0;0,003;NaN;0,003;0,000
1311;85354;0;87689;0;0,003;NaN;0,003;0,000
1312;84187;0;86939;0;0,003;NaN;0,003;0,000
1313;83125;0;86000;0;0,003;NaN;0,003;0,000
1314;82325;0;84470;0;0,003;NaN;0,003;0,000
1315;81049;0;83561;0;0,003;NaN;0,003;0,000
1316;79981;0;82684;0;0,003;NaN;0,003;0,000
1317;78816;0;81794;0;0,003;NaN;0,003;0,000
1318;77544;0;80246;0;0,003;NaN;0,003;0,000
1319;76954;0;79650;0;0,003;NaN;0,003;0,000
1320;75566;0;78257;0;0,003;NaN;0,003;0,000
1321;74577;0;77753;0;0,003;NaN;0,003;0,000
1322;73633;0;76412;0;0,003;NaN;0,003;0,000
1323;73047;0;75742;0;0,003;NaN;0,003;0,000
1324;72230;0;74399;0;0,003;NaN;0,003;0,000
1325;71662;0;73458;0;0,003;NaN;0,003;0,000
1326;70739;0;72293;0;0,003;NaN;0,003;0,000
1327;70046;0;71619;0;0,003;NaN;0,003;0,000
1328;68595;0;70925;0;0,002;NaN;0,003;0,000
1329;68902;0;70294;0;0,002;NaN;0,003;0,000
1330;67253;0;68836;0;0,002;NaN;0,002;0,000
1331;66943;0;67990;0;0,002;NaN;0,002;0,000
1332;65997;0;67427;0;0,002;NaN;0,002;0,000
1333;65202;0;66341;0;0,002;NaN;0,002;0,000
1334;64296;0;65449;0;0,002;NaN;0,002;0,000
1335;63680;0;64897;0;0,002;NaN;0,002;0,000
1336;62792;0;64209;0;0,002;NaN;0,002;0,000
1337;62358;0;62480;0;0,002;NaN;0,002;0,000
1338;61447;0;61826;0;0,002;NaN;0,002;0,000
1339;61122;0;61447;0;0,002;NaN;0,002;0,000
1340;59808;0;60020;0;0,002;NaN;0,002;0,000
1341;58942;0;60072;0;0,002;NaN;0,002;0,000
1342;58062;0;58688;0;0,002;NaN;0,002;0,000
1343;57549;0;57734;0;0,002;NaN;0,002;0,000
1344;56607;0;57115;0;0,002;NaN;0,002;0,000
1345;56078;0;56385;0;0,002;NaN;0,002;0,000
1346;55044;0;55451;0;0,002;NaN;0,002;0,000
1347;54613;0;54775;0;0,002;NaN;0,002;0,000
1348;53759;0;54161;0;0,002;NaN;0,002;0,000
1349;53524;0;52740;0;0,002;NaN;0,002;0,000
1350;51974;0;52152;0;0,002;NaN;0,002;0,000
1351;51666;0;52133;0;0,002;NaN;0,002;0,000
1352;51303;0;50952;0;0,002;NaN;0,002;0,000
1353;50499;0;49953;0;0,002;NaN;0,002;0,000
1354;50151;0;49665;0;0,002;NaN;0,002;0,000
1355;49438;0;48855;0;0,002;NaN;0,002;0,000
1356;48858;0;48191;0;0,002;NaN;0,002;0,000
1357;48479;0;48034;0;0,002;NaN;0,002;0,000
1358;47649;0;47022;0;0,002;NaN;0,002;0,000
1359;47376;0;46458;0;0,002;NaN;0,002;0,000
1360;46468;0;45441;0;0,002;NaN;0,002;0,000
1361;45754;0;44808;0;0,002;NaN;0,002;0,000
1362;45417;0;44090;0;0,002;NaN;0,002;0,000
1363;44981;0;43405;0;0,002;NaN;0,002;0,000
1364;44106;0;42864;0;0,002;NaN;0,002;0,000
1365;43644;0;41917;0;0,002;NaN;0,002;0,000
1366;43319;0;41528;0;0,002;NaN;0,001;0,000
1367;42376;0;40912;0;0,002;NaN;0,001;0,000
1368;42102;0;40402;0;0,002;NaN;0,001;0,000
1369;41482;0;39841;0;0,001;NaN;0,001;0,000
1370;40359;0;39306;0;0,001;NaN;0,001;0,000
1371;40670;0;38500;0;0,001;NaN;0,001;0,000
1372;39886;0;38000;0;0,001;NaN;0,001;0,000
1373;39001;0;37237;0;0,001;NaN;0,001;0,000
1374;39282;0;36973;0;0,001;NaN;0,001;0,000
1375;38099;0;36184;0;0,001;NaN;0,001;0,000
1376;37607;0;35604;0;0,001;NaN;0,001;0,000
1377;37078;0;34897;0;0,001;NaN;0,001;0,000
1378;36706;0;34643;0;0,001;NaN;0,001;0,000
1379;36068;0;34181;0;0,001;NaN;0,001;0,000
1380;35750;0;33328;0;0,001;NaN;0,001;0,000
1381;35098;0;32946;0;0,001;NaN;0,001;0,000
1382;33950;0;32610;0;0,001;NaN;0,001;0,000
1383;33790;0;32076;0;0,001;NaN;0,001;0,000
1384;33247;0;31825;0;0,001;NaN;0,001;0,000
1385;32573;0;31196;0;0,001;NaN;0,001;0,000
1386;32258;0;30375;0;0,001;NaN;0,001;0,000
1387;31479;0;29712;0;0,001;NaN;0,001;0,000
1388;30951;0;29697;0;0,001;NaN;0,001;0,000
1389;30111;0;28969;0;0,001;NaN;0,001;0,000
1390;29512;0;28462;0;0,001;NaN;0,001;0,000
1391;29283;0;27976;0;0,001;NaN;0,001;0,000
1392;28611;0;27593;0;0,001;NaN;0,001;0,000
1393;28424;0;27121;0;0,001;NaN;0,001;0,000
1394;27740;0;26708;0;0,001;NaN;0,001;0,000
1395;27672;0;26465;0;0,001;NaN;0,001;0,000
1396;26729;0;25793;0;0,001;NaN;0,001;0,000
1397;26415;0;25623;0;0,001;NaN;0,001;0,000
1398;26124;0;25287;0;0,001;NaN;0,001;0,000
1399;25637;0;24975;0;0,001;NaN;0,001;0,000
1400;25353;0;23969;0;0,001;NaN;0,001;0,000
1401;24591;0;23765;0;0,001;NaN;0,001;0,000
1402;24395;0;23255;0;0,001;NaN;0,001;0,000
1403;23822;0;23080;0;0,001;NaN;0,001;0,000
1404;23119;0;22756;0;0,001;NaN;0,001;0,000
1405;23074;0;22129;0;0,001;NaN;0,001;0,000
1406;22188;0;21777;0;0,001;NaN;0,001;0,000
1407;22291;0;21672;0;0,001;NaN;0,001;0,000
1408;21546;0;21257;0;0,001;NaN;0,001;0,000
1409;21481;0;20802;0;0,001;NaN;0,001;0,000
1410;20768;0;20367;0;0,001;NaN;0,001;0,000
1411;20480;0;19958;0;0,001;NaN;0,001;0,000
1412;19995;0;19787;0;0,001;NaN;0,001;0,000
1413;19460;0;19215;0;0,001;NaN;0,001;0,000
1414;19083;0;18965;0;0,001;NaN;0,001;0,000
1415;18687;0;18433;0;0,001;NaN;0,001;0,000
1416;18164;0;18240;0;0,001;NaN;0,001;0,000
1417;17868;0;18182;0;0,001;NaN;0,001;0,000
1418;17317;0;17743;0;0,001;NaN;0,001;0,000
1419;17003;0;17348;0;0,001;NaN;0,001;0,000
1420;16889;0;17058;0;0,001;NaN;0,001;0,000
1421;16271;0;16777;0;0,001;NaN;0,001;0,000
1422;15930;0;16372;0;0,001;NaN;0,001;0,000
1423;15719;0;16046;0;0,001;NaN;0,001;0,000
1424;15370;0;15560;0;0,001;NaN;0,001;0,000
1425;15022;0;15285;0;0,001;NaN;0,001;0,000
1426;15023;0;15238;0;0,001;NaN;0,001;0,000
1427;14425;0;14898;0;0,001;NaN;0,001;0,000
1428;13748;0;14633;0;0,000;NaN;0,001;0,000
1429;13794;0;14328;0;0,000;NaN;0,001;0,000
1430;13572;0;14210;0;0,000;NaN;0,001;0,000
1431;13148;0;13795;0;0,000;NaN;0,000;0,000
1432;13113;0;13571;0;0,000;NaN;0,000;0,000
1433;12691;0;13547;0;0,000;NaN;0,000;0,000
1434;12490;0;12912;0;0,000;NaN;0,000;0,000
1435;12434;0;12803;0;0,000;NaN;0,000;0,000
1436;12100;0;12480;0;0,000;NaN;0,000;0,000
1437;11723;0;12304;0;0,000;NaN;0,000;0,000
1438;11863;0;12039;0;0,000;NaN;0,000;0,000
1439;11562;0;11775;0;0,000;NaN;0,000;0,000
1440;11394;0;11495;0;0,000;NaN;0,000;0,000
1441;11266;0;11276;0;0,000;NaN;0,000;0,000
1442;10890;0;11031;0;0,000;NaN;0,000;0,000
1443;10777;0;10971;0;0,000;NaN;0,000;0,000
1444;10609;0;10715;0;0,000;NaN;0,000;0,000
1445;10184;0;10239;0;0,000;NaN;0,000;0,000
1446;10138;0;10080;0;0,000;NaN;0,000;0,000
1447;9953;0;10025;0;0,000;NaN;0,000;0,000
1448;9433;0;9612;0;0,000;NaN;0,000;0,000
1449;9429;0;9665;0;0,000;NaN;0,000;0,000
1450;9219;0;9434;0;0,000;NaN;0,000;0,000
1451;9059;0;9234;0;0,000;NaN;0,000;0,000
1452;8757;0;8978;0;0,000;NaN;0,000;0,000
1453;8568;0;8856;0;0,000;NaN;0,000;0,000
1454;8487;0;8598;0;0,000;NaN;0,000;0,000
1455;8288;0;8475;0;0,000;NaN;0,000;0,000
1456;8279;0;8150;0;0,000;NaN;0,000;0,000
1457;8042;0;8155;0;0,000;NaN;0,000;0,000
1458;7830;0;7905;0;0,000;NaN;0,000;0,000
1459;7744;0;7700;0;0,000;NaN;0,000;0,000
1460;7525;0;7612;0;0,000;NaN;0,000;0,000
1461;7395;0;7509;0;0,000;NaN;0,000;0,000
1462;7132;0;7251;0;0,000;NaN;0,000;0,000
1463;7117;0;7134;0;0,000;NaN;0,000;0,000
1464;6972;0;6867;0;0,000;NaN;0,000;0,000
1465;6672;0;6786;0;0,000;NaN;0,000;0,000
1466;6675;0;6519;0;0,000;NaN;0,000;0,000
1467;6557;0;6459;0;0,000;NaN;0,000;0,000
1468;6419;0;6374;0;0,000;NaN;0,000;0,000
1469;6159;0;6315;0;0,000;NaN;0,000;0,000
1470;6139;0;5955;0;0,000;NaN;0,000;0,000
1471;5997;0;6017;0;0,000;NaN;0,000;0,000
1472;5915;0;5748;0;0,000;NaN;0,000;0,000
1473;5863;0;5640;0;0,000;NaN;0,000;0,000
1474;5628;0;5441;0;0,000;NaN;0,000;0,000
1475;5566;0;5345;0;0,000;NaN;0,000;0,000
1476;5444;0;5280;0;0,000;NaN;0,000;0,000
1477;5165;0;5170;0;0,000;NaN;0,000;0,000
1478;5132;0;5127;0;0,000;NaN;0,000;0,000
1479;5031;0;5067;0;0,000;NaN;0,000;0,000
1480;4844;0;4755;0;0,000;NaN;0,000;0,000
1481;4820;0;4576;0;0,000;NaN;0,000;0,000
1482;4614;0;4472;0;0,000;NaN;0,000;0,000
1483;4546;0;4366;0;0,000;NaN;0,000;0,000
1484;4406;0;4315;0;0,000;NaN;0,000;0,000
1485;4396;0;4310;0;0,000;NaN;0,000;0,000
1486;4172;0;4107;0;0,000;NaN;0,000;0,000
1487;4157;0;4059;0;0,000;NaN;0,000;0,000
1488;4008;0;3915;0;0,000;NaN;0,000;0,000
1489;3917;0;3724;0;0,000;NaN;0,000;0,000
1490;3876;0;3637;0;0,000;NaN;0,000;0,000
1491;3845;0;3614;0;0,000;NaN;0,000;0,000
1492;3793;0;3515;0;0,000;NaN;0,000;0,000
1493;3731;0;3375;0;0,000;NaN;0,000;0,000
1494;3719;0;3253;0;0,000;NaN;0,000;0,000
1495;3596;0;3319;0;0,000;NaN;0,000;0,000
1496;3521;0;3129;0;0,000;NaN;0,000;0,000
1497;3379;0;3121;0;0,000;NaN;0,000;0,000
1498;3268;0;2984;0;0,000;NaN;0,000;0,000
1499;3192;0;2946;0;0,000;NaN;0,000;0,000
1500;3154;0;2893;0;0,000;NaN;0,000;0,000
1501;2940;0;2737;0;0,000;NaN;0,000;0,000
1502;2949;0;2604;0;0,000;NaN;0,000;0,000
1503;2908;0;2580;0;0,000;NaN;0,000;0,000
1504;2729;0;2591;0;0,000;NaN;0,000;0,000
1505;2696;0;2515;0;0,000;NaN;0,000;0,000
1506;2521;0;2382;0;0,000;NaN;0,000;0,000
1507;2472;0;2304;0;0,000;NaN;0,000;0,000
1508;2395;0;2288;0;0,000;NaN;0,000;0,000
1509;2320;0;2180;0;0,000;NaN;0,000;0,000
1510;2253;0;2077;0;0,000;NaN;0,000;0,000
1511;2196;0;2050;0;0,000;NaN;0,000;0,000
1512;2125;0;2052;0;0,000;NaN;0,000;0,000
1513;2048;0;1909;0;0,000;NaN;0,000;0,000
1514;2025;0;1851;0;0,000;NaN;0,000;0,000
1515;1951;0;1813;0;0,000;NaN;0,000;0,000
1516;1810;0;1813;0;0,000;NaN;0,000;0,000
1517;1778;0;1739;0;0,000;NaN;0,000;0,000
1518;1714;0;1626;0;0,000;NaN;0,000;0,000
1519;1600;0;1653;0;0,000;NaN;0,000;0,000
1520;1665;0;1664;0;0,000;NaN;0,000;0,000
1521;1505;0;1523;0;0,000;NaN;0,000;0,000
1522;1431;0;1420;0;0,000;NaN;0,000;0,000
1523;1411;0;1459;0;0,000;NaN;0,000;0,000
1524;1280;0;1360;0;0,000;NaN;0,000;0,000
1525;1350;0;1315;0;0,000;NaN;0,000;0,000
1526;1149;0;1333;0;0,000;NaN;0,000;0,000
1527;1146;0;1275;0;0,000;NaN;0,000;0,000
1528;1051;0;1196;0;0,000;NaN;0,000;0,000
1529;1017;0;1152;0;0,000;NaN;0,000;0,000
1530;1014;0;1148;0;0,000;NaN;0,000;0,000
1531;909;0;1075;0;0,000;NaN;0,000;0,000
1532;936;0;1034;0;0,000;NaN;0,000;0,000
1533;871;0;995;0;0,000;NaN;0,000;0,000
1534;839;0;1087;0;0,000;NaN;0,000;0,000
1535;820;0;969;0;0,000;NaN;0,000;0,000
1536;786;0;923;0;0,000;NaN;0,000;0,000
1537;790;0;848;0;0,000;NaN;0,000;0,000
1538;741;0;884;0;0,000;NaN;0,000;0,000
1539;688;0;888;0;0,000;NaN;0,000;0,000
1540;644;0;812;0;0,000;NaN;0,000;0,000
1541;632;0;767;0;0,000;NaN;0,000;0,000
1542;661;0;746;0;0,000;NaN;0,000;0,000
1543;617;0;714;0;0,000;NaN;0,000;0,000
1544;558;0;751;0;0,000;NaN;0,000;0,000
1545;505;0;697;0;0,000;NaN;0,000;0,000
1546;501;0;634;0;0,000;NaN;0,000;0,000
1547;495;0;613;0;0,000;NaN;0,000;0,000
1548;474;0;576;0;0,000;NaN;0,000;0,000
1549;462;0;534;0;0,000;NaN;0,000;0,000
1550;457;0;551;0;0,000;NaN;0,000;0,000
1551;397;0;516;0;0,000;NaN;0,000;0,000
1552;365;0;497;0;0,000;NaN;0,000;0,000
1553;337;0;484;0;0,000;NaN;0,000;0,000
1554;377;0;450;0;0,000;NaN;0,000;0,000
1555;316;0;442;0;0,000;NaN;0,000;0,000
1556;291;0;391;0;0,000;NaN;0,000;0,000
1557;301;0;369;0;0,000;NaN;0,000;0,000
1558;281;0;403;0;0,000;NaN;0,000;0,000
1559;234;0;338;0;0,000;NaN;0,000;0,000
1560;222;0;369;0;0,000;NaN;0,000;0,000
1561;210;0;315;0;0,000;NaN;0,000;0,000
1562;186;0;308;0;0,000;NaN;0,000;0,000
1563;160;0;308;0;0,000;NaN;0,000;0,000
1564;164;0;292;0;0,000;NaN;0,000;0,000
1565;116;0;263;0;0,000;NaN;0,000;0,000
1566;129;0;246;0;0,000;NaN;0,000;0,000
1567;141;0;256;0;0,000;NaN;0,000;0,000
1568;124;0;214;0;0,000;NaN;0,000;0,000
1569;98;0;223;0;0,000;NaN;0,000;0,000
1570;96;0;194;0;0,000;NaN;0,000;0,000
1571;91;0;228;0;0,000;NaN;0,000;0,000
1572;85;0;161;0;0,000;NaN;0,000;0,000
1573;75;0;182;0;0,000;NaN;0,000;0,000
1574;92;0;175;0;0,000;NaN;0,000;0,000
1575;65;0;143;0;0,000;NaN;0,000;0,000
1576;64;0;145;0;0,000;NaN;0,000;0,000
1577;62;0;155;0;0,000;NaN;0,000;0,000
1578;51;0;119;0;0,000;NaN;0,000;0,000
1579;52;0;146;0;0,000;NaN;0,000;0,000
1580;51;0;117;0;0,000;NaN;0,000;0,000
1581;38;0;114;0;0,000;NaN;0,000;0,000
1582;37;0;106;0;0,000;NaN;0,000;0,000
1583;21;0;88;0;0,000;NaN;0,000;0,000
1584;32;0;103;0;0,000;NaN;0,000;0,000
1585;36;0;104;0;0,000;NaN;0,000;0,000
1586;32;0;91;0;0,000;NaN;0,000;0,000
1587;23;0;93;0;0,000;NaN;0,000;0,000
1588;20;0;91;0;0,000;NaN;0,000;0,000
1589;24;0;68;0;0,000;NaN;0,000;0,000
1590;14;0;79;0;0,000;NaN;0,000;0,000
1591;28;0;72;0;0,000;NaN;0,000;0,000
1592;29;0;63;0;0,000;NaN;0,000;0,000
1593;13;0;48;0;0,000;NaN;0,000;0,000
1594;15;0;43;0;0,000;NaN;0,000;0,000
1595;14;0;49;0;0,000;NaN;0,000;0,000
1596;16;0;52;0;0,000;NaN;0,000;0,000
1597;12;0;46;0;0,000;NaN;0,000;0,000
1598;13;0;36;0;0,000;NaN;0,000;0,000
1599;14;0;33;0;0,000;NaN;0,000;0,000
1600;6;0;32;0;0,000;NaN;0,000;0,000
1601;8;0;28;0;0,000;NaN;0,000;0,000
1602;5;0;28;0;0,000;NaN;0,000;0,000
1603;6;0;29;0;0,000;NaN;0,000;0,000
1604;10;0;18;0;0,000;NaN;0,000;0,000
1605;8;0;13;0;0,000;NaN;0,000;0,000
1606;4;0;17;0;0,000;NaN;0,000;0,000
1607;2;0;18;0;0,000;NaN;0,000;0,000
1608;1;0;16;0;0,000;NaN;0,000;0,000
1609;5;0;15;0;0,000;NaN;0,000;0,000
1610;4;0;8;0;0,000;NaN;0,000;0,000
1611;2;0;11;0;0,000;NaN;0,000;0,000
1612;2;0;10;0;0,000;NaN;0,000;0,000
1613;1;0;11;0;0,000;NaN;0,000;0,000
1614;0;0;6;0;0,000;NaN;0,000;0,000
1615;1;0;7;0;0,000;NaN;0,000;0,000
1616;0;0;4;0;0,000;NaN;0,000;0,000
1617;1;0;1;0;0,000;NaN;0,000;0,000
1618;1;0;2;0;0,000;NaN;0,000;0,000
1619;1;0;2;0;0,000;NaN;0,000;0,000
1620;2;0;2;0;0,000;NaN;0,000;0,000
1621;0;0;1;0;0,000;NaN;0,000;0,000
1622;0;0;0;0;0,000;NaN;0,000;0,000
1623;0;0;0;0;0,000;NaN;0,000;0,000
1624;0;0;0;0;0,000;NaN;0,000;0,000
1625;1;0;0;0;0,000;NaN;0,000;0,000
