x;y;z;E;n
-42;6;12;0;0
-41;-5;13;0;0
-41;-2;11;1;4
-41;-2;12;0;0
-41;-2;14;0;0
-41;-1;12;1;1
-41;0;11;1;9
-41;2;11;1;8
-41;2;14;1;2
-41;4;16;0;0
-41;5;12;0;0
-41;5;13;0;0
-41;9;12;1;2
-40;-11;13;0;0
-40;-11;15;0;0
-40;-10;12;0;0
-40;-9;11;0;0
-40;-9;14;1;1
-40;-6;13;1;4
-40;-4;14;0;0
-40;-3;18;0;0
-40;0;14;0;0
-40;2;15;0;0
-40;2;16;1;2
-40;3;13;1;20
-40;3;15;0;0
-40;3;19;1;2
-40;4;15;0;0
-40;5;12;0;0
-40;5;17;0;0
-40;6;11;0;0
-40;8;15;0;0
-40;8;17;0;0
-40;9;14;1;2
-40;10;12;1;6
-40;10;13;0;0
-40;13;12;1;1
-40;15;12;0;0
-39;-10;11;0;0
-39;-10;13;1;3
-39;-8;19;1;1
-39;-7;14;1;1
-39;-7;17;0;0
-39;-4;13;1;3
-39;-3;18;1;1
-39;-2;15;0;0
-39;-1;18;0;0
-39;1;11;1;6
-39;1;13;1;1
-39;1;14;0;0
-39;1;18;1;4
-39;2;11;1;25
-39;3;18;0;0
-39;6;19;0;0
-39;8;16;0;0
-39;8;18;0;0
-39;10;14;0;0
-39;11;12;1;1
-39;11;13;1;2
-39;11;14;1;2
-39;11;18;0;0
-39;12;14;1;2
-39;14;12;0;0
-39;16;12;0;0
-38;-17;15;1;1
-38;-13;14;0;0
-38;-12;17;1;3
-38;-12;19;1;4
-38;-10;12;1;1
-38;-10;14;1;3
-38;-10;17;1;3
-38;-9;17;1;2
-38;-9;19;1;1
-38;-7;13;1;6
-38;-7;16;0;0
-38;-7;20;1;1
-38;-6;12;1;7
-38;-6;22;0;0
-38;-5;12;1;1
-38;-5;13;0;0
-38;-4;13;0;0
-38;-2;20;1;2
-38;0;13;1;19
-38;0;15;1;6
-38;1;22;0;0
-38;2;15;1;18
-38;2;21;1;1
-38;3;11;1;3
-38;5;12;0;0
-38;5;17;1;8
-38;5;18;1;2
-38;6;12;0;0
-38;6;15;0;0
-38;7;18;0;0
-38;10;14;1;1
-38;12;13;1;2
-38;18;13;0;0
-37;-19;12;1;2
-37;-16;12;0;0
-37;-16;14;0;0
-37;-15;18;1;6
-37;-14;12;0;0
-37;-13;16;1;4
-37;-13;20;1;11
-37;-12;19;1;14
-37;-12;21;1;3
-37;-11;14;1;9
-37;-11;16;0;0
-37;-10;22;0;0
-37;-9;11;1;1
-37;-9;12;1;2
-37;-9;16;1;2
-37;-9;18;1;5
-37;-8;13;1;2
-37;-8;15;0;0
-37;-8;18;1;2
-37;-8;21;0;0
-37;-6;23;1;2
-37;-5;12;1;6
-37;-5;15;1;1
-37;-5;18;1;1
-37;-5;22;1;3
-37;-4;16;1;23
-37;-3;22;1;5
-37;-2;15;0;0
-37;-2;23;1;1
-37;-2;24;1;2
-37;-1;11;1;3
-37;0;24;1;5
-37;1;12;0;0
-37;2;18;0;0
-37;3;12;1;4
-37;3;13;1;2
-37;4;11;1;1
-37;5;12;1;1
-37;6;13;0;0
-37;6;17;1;2
-37;7;12;0;0
-37;7;17;1;4
-37;7;22;1;12
-37;8;12;1;2
-37;8;21;1;2
-37;9;13;1;10
-37;9;18;0;0
-37;9;21;1;10
-37;12;17;0;0
-37;12;18;0;0
-37;13;12;0;0
-37;14;13;1;2
-37;16;11;1;3
-37;16;17;0;0
-37;17;13;0;0
-37;17;15;0;0
-37;18;16;0;0
-37;19;13;0;0
-37;20;12;1;4
-36;-21;12;0;0
-36;-21;14;0;0
-36;-19;13;1;4
-36;-16;12;0;0
-36;-14;21;1;4
-36;-12;14;0;0
-36;-11;11;1;7
-36;-11;14;1;6
-36;-11;23;0;0
-36;-10;13;1;23
-36;-10;16;1;3
-36;-9;17;1;2
-36;-9;21;0;0
-36;-8;22;1;1
-36;-8;23;0;0
-36;-7;10;0;0
-36;-7;14;0;0
-36;-7;21;1;1
-36;-6;16;0;0
-36;-6;19;0;0
-36;-5;24;0;0
-36;-4;20;0;0
-36;-3;12;0;0
-36;-3;15;1;6
-36;-2;16;1;1
-36;-1;11;1;2
-36;-1;24;1;2
-36;0;13;0;0
-36;0;21;0;0
-36;1;14;1;4
-36;2;16;1;1
-36;2;19;1;1
-36;3;19;1;2
-36;6;22;0;0
-36;6;25;1;1
-36;8;18;1;3
-36;9;19;1;5
-36;9;20;1;23
-36;10;15;1;14
-36;11;11;1;2
-36;11;13;1;5
-36;11;21;1;2
-36;12;17;0;0
-36;12;20;0;0
-36;13;14;0;0
-36;13;20;0;0
-36;14;11;0;0
-36;14;17;0;0
-36;15;14;0;0
-36;16;13;0;0
-36;17;13;0;0
-36;17;15;0;0
-36;20;16;1;6
-36;21;13;0;0
-36;22;13;0;0
-35;-20;12;1;4
-35;-20;16;0;0
-35;-19;15;1;24
-35;-19;16;1;4
-35;-19;17;1;1
-35;-17;11;0;0
-35;-16;14;1;5
-35;-16;17;0;0
-35;-15;14;0;0
-35;-14;19;1;1
-35;-14;23;0;0
-35;-13;15;1;1
-35;-12;13;0;0
-35;-12;19;0;0
-35;-12;21;1;2
-35;-11;11;1;4
-35;-10;16;1;4
-35;-10;20;1;7
-35;-10;21;0;0
-35;-9;11;1;6
-35;-9;13;1;13
-35;-9;14;1;2
-35;-9;19;1;16
-35;-9;24;1;1
-35;-9;25;1;4
-35;-8;10;0;0
-35;-8;11;0;0
-35;-8;22;0;0
-35;-8;23;1;1
-35;-8;26;1;8
-35;-7;14;1;1
-35;-7;20;0;0
-35;-7;23;1;2
-35;-6;13;1;13
-35;-6;17;1;1
-35;-6;22;0;0
-35;-5;12;1;1
-35;-5;21;1;3
-35;-3;11;0;0
-35;-3;12;0;0
-35;-3;22;1;6
-35;-2;22;1;2
-35;0;11;1;4
-35;0;18;0;0
-35;0;21;1;1
-35;1;18;0;0
-35;1;26;0;0
-35;2;21;0;0
-35;3;20;1;2
-35;4;19;0;0
-35;4;20;0;0
-35;4;23;0;0
-35;5;14;1;1
-35;6;17;1;8
-35;6;20;0;0
-35;6;25;0;0
-35;7;10;0;0
-35;7;19;0;0
-35;7;25;1;4
-35;8;22;0;0
-35;11;13;1;3
-35;11;20;1;5
-35;13;19;0;0
-35;14;19;0;0
-35;16;16;1;2
-35;17;16;1;2
-35;19;19;1;5
-35;22;14;1;2
-35;22;16;1;1
-35;23;14;1;3
-34;-24;14;0;0
-34;-24;15;0;0
-34;-23;15;1;3
-34;-22;14;1;6
-34;-22;16;0;0
-34;-21;18;0;0
-34;-20;17;1;2
-34;-20;18;0;0
-34;-18;21;1;12
-34;-18;22;1;3
-34;-17;20;1;9
-34;-15;12;1;3
-34;-14;18;0;0
-34;-12;21;1;1
-34;-11;16;1;1
-34;-10;11;1;3
-34;-10;15;1;2
-34;-9;17;1;5
-34;-9;21;1;4
-34;-7;26;0;0
-34;-6;11;0;0
-34;-6;20;0;0
-34;-5;13;0;0
-34;-5;19;1;6
-34;-5;22;0;0
-34;-4;12;0;0
-34;-4;17;1;14
-34;-3;15;0;0
-34;-3;24;1;1
-34;-3;28;1;9
-34;-2;14;0;0
-34;-2;27;0;0
-34;-2;28;0;0
-34;-1;12;1;16
-34;-1;15;0;0
-34;0;25;1;3
-34;2;14;1;1
-34;2;16;0;0
-34;2;28;1;2
-34;3;14;1;3
-34;3;15;1;1
-34;3;17;0;0
-34;3;21;1;4
-34;3;26;1;1
-34;4;16;1;3
-34;4;23;0;0
-34;4;24;0;0
-34;4;27;0;0
-34;5;14;1;15
-34;5;28;1;2
-34;7;10;1;2
-34;7;13;1;3
-34;7;16;0;0
-34;7;18;1;7
-34;7;22;0;0
-34;7;23;1;6
-34;8;12;0;0
-34;8;16;1;3
-34;9;14;1;1
-34;10;23;0;0
-34;11;11;0;0
-34;11;12;0;0
-34;11;13;0;0
-34;11;16;1;5
-34;11;18;0;0
-34;11;25;1;2
-34;12;16;1;8
-34;12;19;0;0
-34;12;23;0;0
-34;13;11;1;4
-34;13;15;1;1
-34;13;18;0;0
-34;13;24;0;0
-34;14;21;1;2
-34;15;15;1;1
-34;16;19;1;1
-34;16;20;0;0
-34;17;20;0;0
-34;17;22;0;0
-34;18;20;1;1
-34;19;20;1;1
-34;20;18;1;1
-34;22;11;1;1
-34;22;18;1;4
-34;23;13;1;4
-33;-22;12;1;6
-33;-21;17;1;1
-33;-21;19;1;23
-33;-21;20;1;7
-33;-21;21;1;6
-33;-20;15;1;2
-33;-20;19;1;1
-33;-19;17;0;0
-33;-18;12;1;10
-33;-18;20;1;7
-33;-17;10;1;3
-33;-17;15;0;0
-33;-16;14;0;0
-33;-16;18;1;5
-33;-15;11;0;0
-33;-14;25;1;1
-33;-13;13;0;0
-33;-13;16;1;11
-33;-13;17;1;4
-33;-12;12;1;1
-33;-12;23;1;1
-33;-12;24;0;0
-33;-11;17;1;2
-33;-10;13;0;0
-33;-10;14;1;7
-33;-10;24;0;0
-33;-10;26;1;3
-33;-9;11;0;0
-33;-9;13;1;2
-33;-9;15;1;1
-33;-9;21;1;3
-33;-8;12;1;1
-33;-7;13;0;0
-33;-7;21;1;5
-33;-6;12;0;0
-33;-6;16;1;7
-33;-6;22;0;0
-33;-6;28;1;4
-33;-5;17;1;13
-33;-5;28;1;2
-33;-4;27;1;1
-33;-3;16;0;0
-33;-3;19;0;0
-33;-3;26;0;0
-33;-2;10;0;0
-33;-2;14;0;0
-33;-2;15;0;0
-33;-2;19;1;8
-33;-2;28;0;0
-33;-1;9;1;2
-33;-1;28;1;1
-33;0;19;0;0
-33;0;26;1;2
-33;1;18;0;0
-33;1;22;0;0
-33;1;25;0;0
-33;1;26;0;0
-33;2;17;0;0
-33;2;22;1;1
-33;2;26;0;0
-33;3;21;1;3
-33;3;22;1;1
-33;5;10;1;1
-33;5;18;0;0
-33;5;24;0;0
-33;5;25;0;0
-33;5;26;0;0
-33;6;22;0;0
-33;6;26;0;0
-33;7;18;1;7
-33;7;25;1;3
-33;7;26;1;6
-33;8;17;1;1
-33;8;18;0;0
-33;9;10;1;3
-33;9;21;0;0
-33;9;26;0;0
-33;10;10;0;0
-33;10;19;0;0
-33;10;22;0;0
-33;11;14;0;0
-33;11;20;0;0
-33;12;21;0;0
-33;12;26;0;0
-33;14;14;1;4
-33;15;12;0;0
-33;16;13;1;1
-33;17;12;0;0
-33;17;23;0;0
-33;18;18;1;1
-33;18;20;1;4
-33;19;11;1;1
-33;20;15;1;4
-33;21;19;0;0
-33;22;14;1;2
-33;22;18;1;1
-33;23;15;0;0
-33;23;18;0;0
-33;24;16;0;0
-33;25;14;1;3
-33;26;12;1;4
-32;-26;15;0;0
-32;-25;15;1;3
-32;-23;11;1;1
-32;-22;15;1;4
-32;-22;16;0;0
-32;-22;17;1;2
-32;-20;21;1;7
-32;-19;16;0;0
-32;-19;23;0;0
-32;-18;11;1;6
-32;-18;14;1;41
-32;-18;20;1;4
-32;-17;11;1;10
-32;-17;13;1;4
-32;-17;14;1;19
-32;-16;14;0;0
-32;-16;24;0;0
-32;-15;17;1;29
-32;-14;14;1;1
-32;-14;19;0;0
-32;-13;14;1;5
-32;-13;21;0;0
-32;-13;26;1;9
-32;-12;11;0;0
-32;-11;16;0;0
-32;-11;18;1;1
-32;-11;28;1;18
-32;-10;17;0;0
-32;-9;9;1;5
-32;-9;23;1;11
-32;-8;19;1;2
-32;-7;10;1;1
-32;-7;17;1;6
-32;-7;22;0;0
-32;-7;23;0;0
-32;-6;11;1;4
-32;-6;20;0;0
-32;-6;30;1;13
-32;-5;9;0;0
-32;-5;10;1;2
-32;-5;12;0;0
-32;-5;21;1;1
-32;-4;12;1;2
-32;-4;18;1;19
-32;-4;24;0;0
-32;-4;30;1;13
-32;-3;11;0;0
-32;-3;17;0;0
-32;-3;21;0;0
-32;-3;23;0;0
-32;-3;26;1;1
-32;-2;12;0;0
-32;-2;19;1;4
-32;-2;26;1;1
-32;-1;14;0;0
-32;-1;19;1;5
-32;-1;24;0;0
-32;-1;26;0;0
-32;-1;29;1;5
-32;0;23;1;4
-32;1;23;0;0
-32;1;25;0;0
-32;2;12;1;3
-32;2;15;0;0
-32;3;19;0;0
-32;3;30;1;1
-32;4;12;0;0
-32;4;18;0;0
-32;4;30;1;6
-32;5;13;0;0
-32;6;9;0;0
-32;6;10;1;2
-32;6;14;0;0
-32;7;12;1;1
-32;7;21;1;1
-32;7;25;0;0
-32;8;18;0;0
-32;9;10;1;11
-32;9;12;0;0
-32;9;19;0;0
-32;9;24;0;0
-32;10;9;1;5
-32;10;16;0;0
-32;10;28;0;0
-32;11;10;1;3
-32;11;14;0;0
-32;11;18;0;0
-32;11;27;0;0
-32;12;24;1;3
-32;13;14;0;0
-32;13;16;1;1
-32;13;17;0;0
-32;13;18;0;0
-32;13;19;0;0
-32;13;22;0;0
-32;13;25;1;3
-32;15;14;1;2
-32;15;15;1;2
-32;15;16;0;0
-32;16;14;1;1
-32;16;15;0;0
-32;17;13;1;1
-32;17;23;0;0
-32;18;21;0;0
-32;20;15;1;7
-32;20;21;0;0
-32;20;22;0;0
-32;21;22;1;1
-32;22;17;1;3
-32;22;18;1;6
-32;22;19;1;6
-32;22;20;1;1
-32;23;12;0;0
-32;23;15;1;4
-32;23;18;1;2
-32;24;12;0;0
-32;25;13;1;5
-32;25;15;1;3
-31;-27;12;1;7
-31;-27;15;1;3
-31;-25;18;1;1
-31;-23;11;0;0
-31;-23;14;0;0
-31;-22;16;1;3
-31;-21;12;1;3
-31;-21;19;1;31
-31;-20;15;1;10
-31;-20;24;1;2
-31;-19;21;1;4
-31;-19;25;0;0
-31;-18;20;0;0
-31;-16;10;1;3
-31;-16;22;0;0
-31;-14;17;1;8
-31;-14;27;0;0
-31;-13;11;0;0
-31;-13;12;0;0
-31;-13;13;1;1
-31;-13;26;0;0
-31;-12;14;1;2
-31;-12;25;0;0
-31;-11;10;0;0
-31;-11;21;1;6
-31;-11;26;1;3
-31;-10;23;1;2
-31;-10;24;1;7
-31;-9;26;1;2
-31;-9;27;1;11
-31;-8;9;0;0
-31;-8;22;0;0
-31;-8;23;0;0
-31;-8;26;1;1
-31;-8;28;1;7
-31;-7;15;1;1
-31;-7;17;1;1
-31;-7;30;1;12
-31;-6;12;0;0
-31;-6;28;1;1
-31;-5;19;1;3
-31;-5;27;0;0
-31;-4;13;1;5
-31;-4;14;1;9
-31;-4;23;1;5
-31;-3;15;0;0
-31;-3;18;1;18
-31;-2;9;0;0
-31;-1;21;1;1
-31;-1;23;1;1
-31;0;9;1;8
-31;0;13;1;2
-31;0;17;1;1
-31;0;20;1;13
-31;1;22;1;17
-31;3;9;1;4
-31;3;10;0;0
-31;4;11;0;0
-31;4;25;1;1
-31;5;9;1;2
-31;5;15;1;2
-31;5;17;1;31
-31;5;24;0;0
-31;6;22;0;0
-31;7;16;1;3
-31;7;17;0;0
-31;7;19;1;5
-31;7;23;0;0
-31;8;10;1;5
-31;8;13;0;0
-31;9;16;0;0
-31;10;12;0;0
-31;10;25;0;0
-31;11;13;1;3
-31;12;12;1;3
-31;12;19;0;0
-31;12;29;1;1
-31;13;13;0;0
-31;13;16;0;0
-31;13;19;0;0
-31;13;23;0;0
-31;14;17;1;1
-31;14;25;0;0
-31;14;28;0;0
-31;15;24;0;0
-31;16;23;0;0
-31;16;26;0;0
-31;17;15;0;0
-31;18;14;1;5
-31;20;12;0;0
-31;20;18;1;2
-31;20;20;1;2
-31;22;17;1;12
-31;23;15;0;0
-31;24;11;0;0
-31;24;17;0;0
-31;25;18;1;2
-30;-30;12;1;8
-30;-27;15;1;3
-30;-27;16;0;0
-30;-24;22;0;0
-30;-23;14;1;3
-30;-22;13;0;0
-30;-21;10;0;0
-30;-20;17;1;1
-30;-20;19;1;6
-30;-19;12;0;0
-30;-19;14;1;1
-30;-19;20;1;3
-30;-18;11;1;1
-30;-18;20;1;1
-30;-18;22;1;5
-30;-17;10;1;15
-30;-17;17;1;12
-30;-16;12;1;1
-30;-16;15;1;4
-30;-16;17;1;16
-30;-16;21;0;0
-30;-15;14;1;1
-30;-15;17;1;59
-30;-15;26;1;2
-30;-14;16;1;8
-30;-14;29;0;0
-30;-13;13;0;0
-30;-13;16;0;0
-30;-13;23;0;0
-30;-13;29;0;0
-30;-13;30;1;3
-30;-12;20;1;3
-30;-12;21;1;2
-30;-12;29;0;0
-30;-11;9;0;0
-30;-11;20;1;3
-30;-11;27;0;0
-30;-8;14;0;0
-30;-8;25;1;6
-30;-8;29;0;0
-30;-8;31;0;0
-30;-7;17;0;0
-30;-7;31;1;4
-30;-6;22;0;0
-30;-6;29;1;1
-30;-5;12;0;0
-30;-5;27;1;8
-30;-5;30;0;0
-30;-5;32;0;0
-30;-4;9;0;0
-30;-4;11;0;0
-30;-4;23;0;0
-30;-4;24;0;0
-30;-4;31;0;0
-30;-3;14;1;3
-30;-2;13;0;0
-30;-2;19;1;17
-30;-2;29;0;0
-30;-1;9;0;0
-30;-1;16;1;4
-30;-1;26;0;0
-30;-1;30;1;3
-30;0;9;1;7
-30;0;11;1;1
-30;0;17;1;5
-30;0;28;1;4
-30;1;9;1;3
-30;1;14;1;2
-30;1;16;1;1
-30;1;19;1;2
-30;1;21;1;3
-30;1;28;0;0
-30;2;10;0;0
-30;2;15;0;0
-30;2;19;0;0
-30;2;23;1;1
-30;4;17;0;0
-30;5;12;0;0
-30;5;14;0;0
-30;5;25;1;1
-30;6;18;1;6
-30;6;27;1;1
-30;6;28;0;0
-30;6;31;0;0
-30;7;30;0;0
-30;8;14;1;1
-30;8;23;0;0
-30;8;26;0;0
-30;8;29;0;0
-30;9;10;1;21
-30;10;17;0;0
-30;10;26;1;8
-30;11;22;0;0
-30;11;27;1;4
-30;12;14;1;1
-30;13;17;0;0
-30;14;10;0;0
-30;14;12;0;0
-30;14;25;0;0
-30;14;28;0;0
-30;15;11;0;0
-30;15;19;0;0
-30;16;19;0;0
-30;17;14;1;1
-30;17;16;0;0
-30;17;20;0;0
-30;18;24;0;0
-30;18;26;0;0
-30;19;20;0;0
-30;19;21;0;0
-30;19;22;0;0
-30;20;11;0;0
-30;20;21;1;2
-30;20;22;1;1
-30;21;11;0;0
-30;21;19;0;0
-30;23;11;0;0
-30;23;22;0;0
-30;24;15;1;1
-30;25;12;1;1
-30;26;15;0;0
-30;26;16;0;0
-30;27;15;0;0
-30;27;17;1;5
-30;28;16;0;0
-30;29;15;0;0
-29;-30;12;1;3
-29;-28;14;1;5
-29;-27;19;1;1
-29;-25;11;0;0
-29;-25;16;1;14
-29;-24;13;1;2
-29;-24;15;1;4
-29;-23;17;1;1
-29;-22;24;0;0
-29;-22;25;1;3
-29;-20;22;1;2
-29;-19;23;0;0
-29;-18;13;0;0
-29;-18;14;0;0
-29;-18;24;1;1
-29;-17;23;0;0
-29;-17;27;0;0
-29;-17;29;1;2
-29;-16;15;1;1
-29;-16;20;1;2
-29;-16;26;0;0
-29;-15;11;1;12
-29;-15;14;0;0
-29;-15;18;1;7
-29;-14;13;1;1
-29;-14;28;0;0
-29;-13;31;1;1
-29;-12;13;0;0
-29;-12;20;1;19
-29;-12;21;1;4
-29;-12;25;0;0
-29;-12;29;0;0
-29;-11;11;0;0
-29;-11;27;1;2
-29;-11;30;0;0
-29;-10;10;0;0
-29;-10;23;1;3
-29;-9;12;0;0
-29;-8;27;0;0
-29;-8;31;1;2
-29;-7;9;0;0
-29;-7;18;0;0
-29;-7;26;1;10
-29;-7;27;0;0
-29;-7;32;0;0
-29;-6;17;1;2
-29;-5;30;0;0
-29;-4;11;0;0
-29;-4;23;1;2
-29;-4;28;1;3
-29;-3;12;1;1
-29;-3;21;0;0
-29;-3;22;1;1
-29;-3;30;0;0
-29;-2;10;1;2
-29;-2;17;0;0
-29;-2;29;1;6
-29;-1;11;1;1
-29;-1;26;0;0
-29;0;19;0;0
-29;0;30;1;13
-29;2;8;0;0
-29;2;18;1;3
-29;2;22;0;0
-29;2;23;0;0
-29;2;32;1;1
-29;3;14;1;4
-29;3;17;1;5
-29;3;20;0;0
-29;3;24;0;0
-29;3;33;1;4
-29;4;17;0;0
-29;4;32;0;0
-29;5;16;1;7
-29;5;22;1;2
-29;6;15;0;0
-29;6;19;1;9
-29;6;30;0;0
-29;7;8;1;3
-29;7;28;1;2
-29;8;9;1;6
-29;8;11;1;8
-29;8;15;0;0
-29;8;18;1;10
-29;9;9;1;9
-29;9;14;1;4
-29;9;24;0;0
-29;9;25;0;0
-29;9;26;0;0
-29;9;27;0;0
-29;10;17;0;0
-29;11;24;0;0
-29;11;26;1;20
-29;12;12;1;11
-29;12;17;1;1
-29;13;12;1;7
-29;13;22;0;0
-29;14;11;0;0
-29;14;24;1;3
-29;14;28;0;0
-29;14;30;1;4
-29;15;18;0;0
-29;15;27;0;0
-29;16;20;0;0
-29;17;11;0;0
-29;17;23;0;0
-29;18;17;1;1
-29;18;22;0;0
-29;19;14;1;2
-29;19;15;0;0
-29;19;22;0;0
-29;20;17;1;1
-29;20;26;1;3
-29;20;27;1;2
-29;21;15;0;0
-29;21;18;1;1
-29;22;12;0;0
-29;22;13;0;0
-29;22;17;0;0
-29;22;21;0;0
-29;22;23;1;4
-29;23;11;0;0
-29;24;16;1;1
-29;24;18;0;0
-29;24;20;0;0
-29;25;14;1;5
-29;26;14;1;1
-29;26;15;1;1
-29;27;17;1;5
-29;30;14;1;1
-28;-30;16;1;4
-28;-29;13;0;0
-28;-29;18;1;1
-28;-27;21;1;2
-28;-25;13;1;7
-28;-25;15;1;1
-28;-25;20;1;2
-28;-24;20;1;5
-28;-23;13;0;0
-28;-22;15;1;17
-28;-22;17;0;0
-28;-22;22;1;4
-28;-22;26;0;0
-28;-21;20;1;3
-28;-21;21;1;4
-28;-19;20;1;12
-28;-19;21;1;1
-28;-18;11;1;6
-28;-18;12;0;0
-28;-18;18;1;4
-28;-18;27;0;0
-28;-17;11;1;18
-28;-17;23;1;1
-28;-16;10;0;0
-28;-16;19;1;12
-28;-15;13;0;0
-28;-15;21;1;2
-28;-15;22;1;10
-28;-15;26;0;0
-28;-14;16;1;20
-28;-14;17;1;1
-28;-14;25;0;0
-28;-13;24;1;6
-28;-12;12;1;1
-28;-12;32;1;3
-28;-11;17;1;4
-28;-11;21;0;0
-28;-11;32;0;0
-28;-10;10;0;0
-28;-10;14;0;0
-28;-10;23;1;3
-28;-10;29;0;0
-28;-9;18;0;0
-28;-9;26;1;3
-28;-9;27;1;2
-28;-8;12;0;0
-28;-8;30;1;1
-28;-8;32;0;0
-28;-7;21;0;0
-28;-6;27;0;0
-28;-6;32;0;0
-28;-5;17;0;0
-28;-5;20;0;0
-28;-5;24;0;0
-28;-5;25;1;1
-28;-4;18;0;0
-28;-4;21;0;0
-28;-4;26;1;2
-28;-3;9;1;5
-28;-3;11;1;1
-28;-3;12;1;2
-28;-3;13;0;0
-28;-3;30;0;0
-28;-2;17;0;0
-28;-2;22;0;0
-28;-2;30;1;6
-28;-2;34;0;0
-28;-1;9;1;4
-28;-1;19;1;2
-28;-1;31;1;2
-28;0;14;1;7
-28;0;22;0;0
-28;1;11;1;7
-28;1;13;1;7
-28;1;17;0;0
-28;1;19;1;1
-28;1;28;1;1
-28;2;9;0;0
-28;2;17;0;0
-28;2;24;1;2
-28;2;30;0;0
-28;3;16;1;5
-28;3;24;1;2
-28;3;28;1;2
-28;4;12;0;0
-28;4;19;0;0
-28;4;20;0;0
-28;4;25;1;1
-28;4;30;1;3
-28;4;33;1;1
-28;5;8;1;1
-28;5;13;1;1
-28;6;10;1;1
-28;6;16;1;1
-28;6;21;1;3
-28;6;24;1;3
-28;6;27;1;2
-28;6;28;1;5
-28;8;20;1;4
-28;8;23;0;0
-28;8;25;0;0
-28;10;9;1;3
-28;10;10;0;0
-28;10;25;0;0
-28;11;19;0;0
-28;12;23;0;0
-28;12;31;0;0
-28;13;31;1;5
-28;14;20;0;0
-28;14;30;1;3
-28;15;26;1;2
-28;15;29;1;7
-28;16;14;0;0
-28;16;27;0;0
-28;16;29;1;1
-28;17;25;1;1
-28;18;9;0;0
-28;18;25;0;0
-28;19;12;0;0
-28;19;18;1;1
-28;20;13;0;0
-28;20;17;1;9
-28;20;22;0;0
-28;20;26;0;0
-28;20;27;0;0
-28;21;24;0;0
-28;21;25;1;1
-28;22;15;0;0
-28;22;23;1;1
-28;23;15;0;0
-28;23;19;1;1
-28;23;25;0;0
-28;24;11;1;2
-28;24;12;0;0
-28;24;16;0;0
-28;24;18;1;3
-28;24;21;0;0
-28;25;11;1;1
-28;26;17;0;0
-28;26;22;1;2
-28;27;19;1;3
-28;29;18;0;0
-28;30;12;0;0
-27;-30;17;1;3
-27;-29;11;0;0
-27;-28;18;1;4
-27;-27;14;1;4
-27;-26;15;1;2
-27;-26;21;1;2
-27;-25;23;1;2
-27;-25;24;1;2
-27;-24;22;1;2
-27;-23;16;1;1
-27;-23;21;1;5
-27;-23;26;1;2
-27;-22;25;0;0
-27;-21;12;1;4
-27;-21;18;1;6
-27;-21;19;0;0
-27;-21;22;0;0
-27;-20;10;1;4
-27;-20;24;1;2
-27;-20;27;1;1
-27;-19;10;1;1
-27;-19;15;0;0
-27;-19;24;1;10
-27;-19;27;0;0
-27;-18;19;1;5
-27;-17;25;1;12
-27;-17;26;0;0
-27;-16;12;0;0
-27;-16;18;0;0
-27;-16;26;1;1
-27;-16;28;1;2
-27;-15;13;1;9
-27;-15;21;1;9
-27;-15;31;0;0
-27;-14;11;1;15
-27;-14;20;1;21
-27;-14;23;1;3
-27;-14;24;1;3
-27;-14;31;0;0
-27;-13;13;0;0
-27;-13;17;1;1
-27;-13;21;1;5
-27;-13;25;0;0
-27;-12;13;1;2
-27;-12;19;1;2
-27;-12;22;1;28
-27;-12;26;1;2
-27;-12;29;0;0
-27;-12;30;0;0
-27;-11;16;1;1
-27;-11;17;1;5
-27;-10;21;0;0
-27;-10;27;1;2
-27;-9;15;0;0
-27;-9;31;1;3
-27;-8;10;0;0
-27;-8;23;0;0
-27;-7;13;0;0
-27;-7;22;0;0
-27;-7;25;0;0
-27;-7;30;0;0
-27;-6;9;0;0
-27;-6;18;1;1
-27;-6;22;0;0
-27;-6;28;0;0
-27;-5;10;0;0
-27;-5;26;1;5
-27;-5;30;0;0
-27;-4;8;0;0
-27;-4;10;0;0
-27;-4;19;0;0
-27;-4;26;0;0
-27;-4;31;0;0
-27;-4;33;1;6
-27;-3;12;1;3
-27;-3;33;0;0
-27;-2;11;1;1
-27;-2;23;1;1
-27;-2;26;0;0
-27;-1;12;0;0
-27;-1;16;1;5
-27;0;30;1;10
-27;1;17;0;0
-27;1;23;0;0
-27;1;26;0;0
-27;2;24;1;10
-27;2;35;1;1
-27;3;17;1;1
-27;3;25;1;3
-27;3;31;0;0
-27;4;34;1;1
-27;5;17;0;0
-27;5;21;1;1
-27;5;31;1;6
-27;5;32;1;2
-27;6;12;0;0
-27;6;13;1;2
-27;6;16;0;0
-27;6;26;1;2
-27;6;31;1;1
-27;7;9;0;0
-27;7;10;1;1
-27;7;12;1;4
-27;7;21;1;6
-27;7;26;0;0
-27;7;27;1;2
-27;8;18;0;0
-27;8;31;1;1
-27;9;18;1;1
-27;10;8;1;7
-27;10;9;1;2
-27;10;12;1;3
-27;10;20;1;22
-27;10;22;0;0
-27;11;27;1;1
-27;12;11;1;5
-27;12;15;0;0
-27;12;29;1;7
-27;13;10;0;0
-27;13;12;1;3
-27;13;17;0;0
-27;13;24;1;3
-27;13;25;1;3
-27;13;28;1;5
-27;14;25;1;1
-27;15;14;1;3
-27;15;24;1;2
-27;15;26;1;7
-27;16;16;0;0
-27;17;24;1;1
-27;18;13;0;0
-27;18;15;1;7
-27;18;22;0;0
-27;18;28;0;0
-27;19;10;0;0
-27;19;17;1;1
-27;19;25;0;0
-27;19;26;0;0
-27;20;22;1;1
-27;20;26;0;0
-27;21;13;0;0
-27;21;15;0;0
-27;21;16;0;0
-27;23;16;0;0
-27;23;20;0;0
-27;25;13;1;2
-27;25;21;0;0
-27;26;17;0;0
-27;27;19;0;0
-27;27;22;0;0
-27;28;13;0;0
-27;29;12;1;2
-27;31;12;1;2
-27;33;12;0;0
-26;-31;13;1;1
-26;-31;14;0;0
-26;-29;17;1;12
-26;-29;18;1;2
-26;-29;20;1;5
-26;-28;15;0;0
-26;-28;17;1;4
-26;-28;19;1;11
-26;-27;14;1;23
-26;-27;23;0;0
-26;-26;13;1;1
-26;-26;14;1;10
-26;-26;20;1;1
-26;-26;22;1;1
-26;-25;18;0;0
-26;-25;25;0;0
-26;-24;11;1;10
-26;-24;18;0;0
-26;-24;22;0;0
-26;-24;24;1;3
-26;-24;25;0;0
-26;-23;27;0;0
-26;-21;15;0;0
-26;-21;20;1;2
-26;-20;19;1;10
-26;-20;20;0;0
-26;-20;26;0;0
-26;-19;15;0;0
-26;-18;12;1;2
-26;-18;22;1;3
-26;-18;26;0;0
-26;-18;28;0;0
-26;-17;13;1;4
-26;-17;24;1;1
-26;-17;26;1;13
-26;-17;27;1;9
-26;-16;11;0;0
-26;-16;13;1;2
-26;-16;18;0;0
-26;-16;19;0;0
-26;-16;25;1;8
-26;-15;15;1;1
-26;-15;32;0;0
-26;-14;19;1;1
-26;-14;20;1;1
-26;-14;21;1;6
-26;-13;15;1;1
-26;-13;19;1;1
-26;-13;24;1;6
-26;-12;18;1;2
-26;-12;30;0;0
-26;-12;32;0;0
-26;-11;25;1;4
-26;-10;21;1;8
-26;-9;11;0;0
-26;-9;28;0;0
-26;-8;12;1;2
-26;-8;13;1;1
-26;-8;16;1;3
-26;-8;25;1;4
-26;-8;33;0;0
-26;-7;10;0;0
-26;-7;12;0;0
-26;-7;17;1;13
-26;-7;18;0;0
-26;-7;22;0;0
-26;-7;26;1;3
-26;-6;16;1;22
-26;-6;23;1;3
-26;-6;27;1;2
-26;-6;35;1;1
-26;-5;8;1;1
-26;-5;17;0;0
-26;-5;21;0;0
-26;-5;28;0;0
-26;-4;13;1;2
-26;-4;16;0;0
-26;-4;17;0;0
-26;-4;25;1;3
-26;-3;10;0;0
-26;-3;17;0;0
-26;-3;22;1;10
-26;-3;24;0;0
-26;-3;29;0;0
-26;-3;32;0;0
-26;-2;21;0;0
-26;-2;25;0;0
-26;-2;31;0;0
-26;-1;16;1;3
-26;-1;25;0;0
-26;-1;35;1;3
-26;0;9;1;7
-26;0;33;1;7
-26;1;7;1;4
-26;1;11;1;3
-26;1;13;0;0
-26;1;29;1;1
-26;1;32;1;2
-26;2;12;1;6
-26;2;14;1;1
-26;3;10;1;3
-26;3;12;1;9
-26;3;15;1;1
-26;3;24;1;4
-26;3;28;0;0
-26;3;30;1;1
-26;3;31;1;1
-26;4;10;0;0
-26;4;11;1;3
-26;4;14;1;7
-26;4;27;0;0
-26;4;29;0;0
-26;5;8;0;0
-26;6;8;1;13
-26;6;14;1;3
-26;6;15;1;3
-26;6;19;0;0
-26;6;29;1;5
-26;7;17;0;0
-26;7;18;0;0
-26;8;19;1;4
-26;8;20;1;3
-26;8;21;0;0
-26;8;29;0;0
-26;9;8;1;5
-26;9;21;0;0
-26;9;23;0;0
-26;9;30;0;0
-26;9;34;0;0
-26;10;9;1;1
-26;10;12;0;0
-26;10;27;1;1
-26;10;28;0;0
-26;11;14;1;1
-26;11;16;1;1
-26;11;21;1;10
-26;11;29;0;0
-26;11;31;0;0
-26;12;21;1;8
-26;12;23;1;2
-26;12;29;1;10
-26;13;24;1;12
-26;13;32;0;0
-26;14;8;1;1
-26;14;13;0;0
-26;14;20;0;0
-26;14;23;0;0
-26;14;30;1;1
-26;15;10;1;2
-26;15;11;1;2
-26;15;14;1;7
-26;15;32;1;1
-26;16;11;0;0
-26;16;14;1;5
-26;17;30;1;30
-26;18;11;0;0
-26;18;25;1;6
-26;19;13;1;1
-26;19;15;1;1
-26;19;25;0;0
-26;20;12;1;4
-26;20;21;0;0
-26;22;17;1;1
-26;22;19;0;0
-26;23;14;0;0
-26;23;15;0;0
-26;23;18;0;0
-26;23;23;0;0
-26;23;26;0;0
-26;24;26;0;0
-26;25;21;0;0
-26;26;19;1;2
-26;26;22;1;2
-26;27;12;1;4
-26;27;18;1;5
-26;27;21;0;0
-26;28;15;0;0
-26;29;16;0;0
-26;30;14;1;1
-25;-34;13;0;0
-25;-33;14;0;0
-25;-31;16;0;0
-25;-30;13;1;2
-25;-29;16;1;5
-25;-28;12;1;3
-25;-28;14;0;0
-25;-27;16;1;3
-25;-27;21;1;11
-25;-26;12;0;0
-25;-26;13;1;2
-25;-26;17;1;3
-25;-25;12;1;1
-25;-25;21;1;5
-25;-23;14;1;5
-25;-22;9;0;0
-25;-20;10;0;0
-25;-20;14;0;0
-25;-20;24;0;0
-25;-19;10;1;2
-25;-19;11;1;3
-25;-19;14;1;3
-25;-19;15;0;0
-25;-19;24;1;1
-25;-18;17;1;3
-25;-17;11;1;1
-25;-17;32;0;0
-25;-16;18;0;0
-25;-15;18;0;0
-25;-15;20;1;2
-25;-15;23;1;6
-25;-14;12;0;0
-25;-14;19;0;0
-25;-14;24;0;0
-25;-14;25;1;4
-25;-13;12;0;0
-25;-13;23;1;6
-25;-13;26;1;7
-25;-13;28;0;0
-25;-13;34;1;1
-25;-12;8;0;0
-25;-12;10;1;5
-25;-12;19;1;10
-25;-12;30;0;0
-25;-12;32;1;1
-25;-11;12;1;1
-25;-11;13;1;1
-25;-11;23;1;3
-25;-11;25;1;25
-25;-10;19;0;0
-25;-10;23;0;0
-25;-10;34;0;0
-25;-8;16;1;6
-25;-8;20;0;0
-25;-7;9;0;0
-25;-7;16;1;5
-25;-7;35;0;0
-25;-6;7;0;0
-25;-6;15;1;3
-25;-6;33;1;1
-25;-5;25;1;1
-25;-4;9;0;0
-25;-4;15;1;2
-25;-4;17;0;0
-25;-3;20;1;10
-25;-3;21;0;0
-25;-3;24;0;0
-25;-3;33;0;0
-25;-2;23;0;0
-25;-2;28;1;1
-25;-2;29;1;2
-25;-1;12;1;2
-25;-1;18;1;2
-25;-1;19;1;2
-25;0;11;1;6
-25;0;19;1;4
-25;0;24;0;0
-25;0;36;0;0
-25;1;16;0;0
-25;1;18;0;0
-25;1;25;0;0
-25;2;13;0;0
-25;2;14;0;0
-25;2;28;0;0
-25;3;12;0;0
-25;3;13;1;4
-25;3;17;1;2
-25;3;25;1;4
-25;3;26;0;0
-25;3;31;0;0
-25;3;35;1;15
-25;4;12;1;7
-25;5;18;1;1
-25;6;32;1;12
-25;7;21;0;0
-25;8;13;1;3
-25;8;16;0;0
-25;8;22;1;4
-25;8;31;0;0
-25;9;14;1;2
-25;9;23;0;0
-25;9;29;0;0
-25;10;8;0;0
-25;10;15;0;0
-25;10;16;0;0
-25;10;22;1;1
-25;10;25;0;0
-25;10;29;1;1
-25;10;35;0;0
-25;11;9;0;0
-25;11;21;1;2
-25;11;22;1;4
-25;12;10;1;1
-25;12;17;0;0
-25;12;18;0;0
-25;13;11;0;0
-25;13;22;1;5
-25;14;13;1;7
-25;14;21;1;2
-25;14;26;1;4
-25;14;30;1;21
-25;15;12;1;3
-25;15;23;1;2
-25;17;9;0;0
-25;17;19;0;0
-25;17;31;0;0
-25;18;11;0;0
-25;18;19;1;4
-25;18;25;1;4
-25;20;26;1;5
-25;21;18;1;14
-25;21;20;1;1
-25;21;25;1;1
-25;22;22;0;0
-25;22;27;0;0
-25;25;16;1;5
-25;26;18;1;1
-25;26;19;0;0
-25;26;24;1;3
-25;27;19;0;0
-25;28;14;0;0
-25;29;21;0;0
-25;31;14;0;0
-25;32;15;1;1
-25;34;13;1;2
-24;-34;13;1;5
-24;-33;14;1;2
-24;-32;18;1;2
-24;-32;19;1;1
-24;-31;11;0;0
-24;-31;18;1;2
-24;-31;19;1;3
-24;-30;12;0;0
-24;-30;20;1;28
-24;-29;11;0;0
-24;-29;16;1;5
-24;-29;17;1;5
-24;-28;11;1;1
-24;-28;14;1;1
-24;-28;18;0;0
-24;-28;23;1;1
-24;-27;25;0;0
-24;-26;13;1;7
-24;-26;16;1;8
-24;-26;24;0;0
-24;-24;10;1;1
-24;-24;23;0;0
-24;-23;16;1;3
-24;-23;17;1;3
-24;-23;20;1;3
-24;-23;26;0;0
-24;-23;28;1;1
-24;-22;18;1;1
-24;-22;21;1;1
-24;-21;23;1;2
-24;-20;17;1;1
-24;-20;23;1;1
-24;-20;24;0;0
-24;-20;25;0;0
-24;-20;28;1;1
-24;-19;9;1;21
-24;-19;12;0;0
-24;-19;14;1;1
-24;-19;24;0;0
-24;-18;9;1;72
-24;-18;21;0;0
-24;-18;22;0;0
-24;-18;29;1;6
-24;-17;11;0;0
-24;-17;14;1;3
-24;-17;25;1;1
-24;-17;27;0;0
-24;-17;28;0;0
-24;-16;10;1;3
-24;-16;20;1;6
-24;-16;31;1;15
-24;-15;9;0;0
-24;-15;13;1;18
-24;-15;25;0;0
-24;-14;17;0;0
-24;-14;22;0;0
-24;-14;25;0;0
-24;-13;11;0;0
-24;-13;24;0;0
-24;-13;27;1;10
-24;-13;28;1;14
-24;-13;33;1;7
-24;-12;15;1;13
-24;-12;17;0;0
-24;-12;29;1;4
-24;-11;10;0;0
-24;-11;34;0;0
-24;-10;24;1;2
-24;-10;26;1;15
-24;-9;11;1;2
-24;-9;19;1;3
-24;-9;30;0;0
-24;-8;10;1;3
-24;-8;12;1;1
-24;-8;33;0;0
-24;-8;35;0;0
-24;-7;15;0;0
-24;-7;19;1;2
-24;-7;21;0;0
-24;-7;24;1;1
-24;-7;33;0;0
-24;-6;13;0;0
-24;-6;22;0;0
-24;-6;27;1;8
-24;-5;25;0;0
-24;-5;34;0;0
-24;-4;29;1;1
-24;-4;31;1;4
-24;-3;32;1;1
-24;-2;19;1;4
-24;-2;20;1;2
-24;-2;27;1;5
-24;-1;24;1;1
-24;-1;31;0;0
-24;-1;33;1;1
-24;-1;36;0;0
-24;1;12;1;8
-24;1;20;1;3
-24;1;21;1;2
-24;1;23;0;0
-24;1;27;0;0
-24;1;28;0;0
-24;1;36;1;7
-24;2;13;1;1
-24;2;16;0;0
-24;2;19;0;0
-24;2;26;0;0
-24;2;28;0;0
-24;2;30;0;0
-24;2;36;1;1
-24;3;28;0;0
-24;3;35;1;13
-24;4;25;1;3
-24;5;18;0;0
-24;5;20;0;0
-24;5;33;0;0
-24;6;20;0;0
-24;6;21;0;0
-24;6;27;1;4
-24;6;29;0;0
-24;7;15;0;0
-24;7;16;0;0
-24;7;21;1;1
-24;7;25;1;1
-24;7;29;1;2
-24;7;34;0;0
-24;8;20;1;1
-24;8;32;0;0
-24;8;35;1;14
-24;9;17;1;6
-24;10;22;1;2
-24;11;21;1;21
-24;11;35;0;0
-24;12;9;0;0
-24;12;14;1;5
-24;12;15;1;3
-24;13;12;0;0
-24;13;13;1;7
-24;14;8;0;0
-24;14;32;0;0
-24;15;8;1;3
-24;15;25;0;0
-24;15;27;0;0
-24;15;29;1;3
-24;15;31;0;0
-24;16;33;0;0
-24;17;13;1;1
-24;17;27;0;0
-24;17;32;0;0
-24;18;9;1;1
-24;18;14;1;3
-24;18;32;0;0
-24;19;10;1;4
-24;19;13;0;0
-24;19;19;1;2
-24;20;10;0;0
-24;20;11;1;1
-24;20;27;1;5
-24;20;29;1;1
-24;22;9;0;0
-24;22;10;1;2
-24;23;18;1;1
-24;23;19;1;15
-24;23;20;1;8
-24;23;29;0;0
-24;24;15;1;1
-24;24;23;1;1
-24;25;13;0;0
-24;25;22;0;0
-24;26;16;1;1
-24;26;26;1;2
-24;27;12;1;4
-24;27;14;0;0
-24;28;10;1;4
-24;28;12;0;0
-24;28;15;0;0
-24;28;16;0;0
-24;30;21;0;0
-24;31;12;1;3
-24;31;13;0;0
-24;31;18;0;0
-24;33;12;1;1
-24;33;14;0;0
-24;34;13;0;0
-23;-35;14;0;0
-23;-34;15;0;0
-23;-33;15;0;0
-23;-33;18;0;0
-23;-32;15;0;0
-23;-32;17;0;0
-23;-30;11;0;0
-23;-30;13;0;0
-23;-29;11;0;0
-23;-27;12;1;7
-23;-27;20;0;0
-23;-26;21;1;3
-23;-26;24;1;1
-23;-25;14;0;0
-23;-23;23;1;1
-23;-22;13;0;0
-23;-22;16;1;2
-23;-22;26;1;3
-23;-21;12;1;4
-23;-21;20;0;0
-23;-21;23;1;1
-23;-21;24;0;0
-23;-21;31;0;0
-23;-20;13;1;2
-23;-20;25;0;0
-23;-20;31;1;7
-23;-19;11;1;5
-23;-19;20;0;0
-23;-19;22;1;3
-23;-19;23;0;0
-23;-19;26;0;0
-23;-19;29;0;0
-23;-18;15;1;1
-23;-18;21;1;1
-23;-18;27;0;0
-23;-18;31;1;1
-23;-17;29;0;0
-23;-17;32;1;26
-23;-16;8;0;0
-23;-16;9;1;2
-23;-16;11;1;4
-23;-16;20;0;0
-23;-16;21;0;0
-23;-16;23;1;1
-23;-16;24;0;0
-23;-16;31;1;11
-23;-15;11;0;0
-23;-15;17;1;3
-23;-15;31;1;9
-23;-14;10;0;0
-23;-14;16;1;7
-23;-14;25;0;0
-23;-14;27;1;3
-23;-14;28;1;3
-23;-13;11;0;0
-23;-13;20;1;3
-23;-12;35;0;0
-23;-11;20;1;2
-23;-11;27;1;10
-23;-10;22;0;0
-23;-10;33;1;1
-23;-9;16;0;0
-23;-9;17;0;0
-23;-9;29;0;0
-23;-8;17;0;0
-23;-7;14;0;0
-23;-7;16;0;0
-23;-6;14;0;0
-23;-6;19;1;8
-23;-6;20;0;0
-23;-6;21;1;1
-23;-5;16;0;0
-23;-4;26;0;0
-23;-4;36;0;0
-23;-2;22;1;1
-23;-2;26;1;1
-23;-2;32;1;3
-23;0;21;1;20
-23;0;33;1;9
-23;0;34;1;8
-23;1;19;1;9
-23;1;32;1;2
-23;1;37;1;1
-23;2;19;0;0
-23;2;27;1;1
-23;2;30;0;0
-23;2;34;1;6
-23;2;35;0;0
-23;3;15;0;0
-23;3;19;1;2
-23;3;21;0;0
-23;3;35;1;11
-23;4;24;1;4
-23;4;27;1;2
-23;4;29;0;0
-23;4;34;1;13
-23;5;14;1;32
-23;5;19;0;0
-23;5;28;0;0
-23;6;13;1;4
-23;6;15;1;6
-23;6;23;0;0
-23;6;31;0;0
-23;6;34;1;8
-23;7;22;1;2
-23;7;32;1;5
-23;9;19;0;0
-23;9;35;1;8
-23;9;36;1;3
-23;10;15;1;2
-23;10;20;1;36
-23;10;23;0;0
-23;10;26;1;8
-23;10;27;1;24
-23;10;29;1;3
-23;10;30;0;0
-23;11;10;0;0
-23;11;29;1;6
-23;11;30;0;0
-23;11;35;0;0
-23;12;15;1;14
-23;12;23;1;4
-23;12;30;1;23
-23;13;8;0;0
-23;13;9;1;1
-23;13;26;0;0
-23;14;18;0;0
-23;14;22;0;0
-23;14;27;0;0
-23;15;10;0;0
-23;15;19;0;0
-23;15;22;1;2
-23;15;27;0;0
-23;16;13;1;1
-23;16;23;1;4
-23;16;25;0;0
-23;17;14;1;3
-23;17;23;1;5
-23;17;27;0;0
-23;17;32;0;0
-23;18;9;1;10
-23;18;13;1;1
-23;18;19;0;0
-23;18;22;0;0
-23;18;33;0;0
-23;19;18;0;0
-23;19;32;1;3
-23;20;11;1;1
-23;20;22;1;3
-23;22;11;0;0
-23;22;14;0;0
-23;22;17;0;0
-23;22;19;1;3
-23;22;30;1;2
-23;23;11;0;0
-23;23;17;0;0
-23;23;18;0;0
-23;24;23;1;1
-23;24;25;0;0
-23;25;15;0;0
-23;25;19;0;0
-23;26;11;1;2
-23;26;13;1;7
-23;26;23;1;2
-23;27;22;1;3
-23;27;24;1;4
-23;28;11;0;0
-23;28;18;0;0
-23;29;12;1;2
-23;29;18;0;0
-23;30;20;0;0
-23;31;14;0;0
-23;31;17;1;1
-23;31;18;0;0
-23;31;19;1;1
-23;32;11;0;0
-23;32;20;1;1
-23;33;12;0;0
-23;34;16;1;1
-23;35;12;0;0
-23;35;14;1;1
-22;-33;18;1;1
-22;-32;21;1;6
-22;-28;11;0;0
-22;-28;14;1;1
-22;-28;25;1;1
-22;-26;16;0;0
-22;-24;24;1;1
-22;-23;16;1;8
-22;-22;9;0;0
-22;-22;12;1;2
-22;-22;14;0;0
-22;-22;22;0;0
-22;-21;9;1;2
-22;-20;25;0;0
-22;-19;27;0;0
-22;-17;11;0;0
-22;-17;24;1;1
-22;-16;22;0;0
-22;-16;31;1;13
-22;-16;32;1;11
-22;-15;24;1;1
-22;-15;25;0;0
-22;-15;35;1;10
-22;-14;18;1;2
-22;-14;28;0;0
-22;-13;9;0;0
-22;-13;15;1;2
-22;-13;17;1;9
-22;-13;21;1;1
-22;-13;35;0;0
-22;-12;24;1;3
-22;-12;33;1;12
-22;-11;15;0;0
-22;-11;22;0;0
-22;-11;32;1;4
-22;-11;35;0;0
-22;-10;16;1;2
-22;-10;22;1;1
-22;-10;31;1;2
-22;-10;33;1;9
-22;-10;36;1;3
-22;-9;28;1;8
-22;-9;32;1;9
-22;-9;33;1;9
-22;-8;13;0;0
-22;-8;25;1;4
-22;-8;28;1;10
-22;-7;16;0;0
-22;-6;30;0;0
-22;-5;26;0;0
-22;-5;27;0;0
-22;-5;31;1;3
-22;-5;35;1;4
-22;-5;36;1;5
-22;-5;38;0;0
-22;-4;34;1;1
-22;-4;37;0;0
-22;-3;15;1;2
-22;-3;29;1;5
-22;-2;19;1;7
-22;-2;27;0;0
-22;-2;28;1;1
-22;-1;17;0;0
-22;-1;23;1;1
-22;0;28;1;7
-22;1;19;0;0
-22;1;20;0;0
-22;1;22;0;0
-22;1;23;1;4
-22;1;24;1;6
-22;1;25;1;6
-22;2;31;1;4
-22;2;35;1;22
-22;3;23;1;6
-22;3;29;0;0
-22;4;29;0;0
-22;4;36;1;8
-22;5;15;1;4
-22;5;18;1;3
-22;5;25;1;1
-22;5;36;1;1
-22;7;17;0;0
-22;7;30;1;8
-22;7;31;1;8
-22;8;13;1;6
-22;8;15;1;1
-22;8;21;0;0
-22;9;20;0;0
-22;9;29;1;4
-22;9;37;1;5
-22;10;21;1;1
-22;10;30;1;3
-22;10;32;0;0
-22;11;12;0;0
-22;11;13;0;0
-22;11;22;1;1
-22;11;24;0;0
-22;11;27;0;0
-22;11;35;0;0
-22;12;32;0;0
-22;13;21;1;1
-22;13;25;0;0
-22;13;34;0;0
-22;14;26;0;0
-22;14;28;0;0
-22;14;29;0;0
-22;15;17;0;0
-22;16;13;0;0
-22;16;23;1;4
-22;16;27;0;0
-22;16;28;0;0
-22;16;33;0;0
-22;17;14;0;0
-22;17;29;1;1
-22;17;31;1;2
-22;18;8;1;1
-22;18;17;1;1
-22;18;19;0;0
-22;18;20;0;0
-22;18;33;1;1
-22;19;16;0;0
-22;19;17;0;0
-22;19;19;1;4
-22;20;8;1;9
-22;20;14;0;0
-22;20;25;1;1
-22;21;13;0;0
-22;21;18;1;1
-22;21;23;0;0
-22;22;9;1;11
-22;22;18;1;1
-22;22;20;1;1
-22;22;31;0;0
-22;23;25;0;0
-22;24;9;0;0
-22;24;15;1;4
-22;24;17;0;0
-22;24;18;0;0
-22;24;21;1;32
-22;25;15;1;5
-22;25;21;1;19
-22;26;16;1;2
-22;27;24;0;0
-22;27;25;0;0
-22;28;11;0;0
-22;28;17;1;1
-22;28;22;1;6
-22;28;24;1;2
-22;28;25;1;2
-22;29;15;0;0
-22;29;20;0;0
-22;29;24;1;1
-22;30;15;0;0
-22;30;16;0;0
-22;30;21;0;0
-22;31;14;0;0
-22;32;17;1;3
-22;34;15;0;0
-21;-33;11;0;0
-21;-32;18;1;9
-21;-32;20;1;2
-21;-31;20;0;0
-21;-30;13;0;0
-21;-30;18;0;0
-21;-29;23;1;3
-21;-28;11;0;0
-21;-28;18;0;0
-21;-28;21;1;21
-21;-27;13;1;2
-21;-26;11;1;4
-21;-26;20;1;7
-21;-25;20;1;4
-21;-25;30;1;1
-21;-24;14;0;0
-21;-24;15;0;0
-21;-22;13;0;0
-21;-22;17;1;25
-21;-22;26;0;0
-21;-21;19;1;6
-21;-21;20;1;7
-21;-21;21;0;0
-21;-20;10;1;1
-21;-19;19;1;6
-21;-19;29;0;0
-21;-19;30;1;1
-21;-18;15;1;1
-21;-18;16;1;7
-21;-18;18;0;0
-21;-18;22;1;3
-21;-18;26;1;1
-21;-17;28;0;0
-21;-17;31;1;1
-21;-16;17;0;0
-21;-16;18;0;0
-21;-16;26;0;0
-21;-16;35;0;0
-21;-15;12;1;3
-21;-15;20;0;0
-21;-15;32;1;2
-21;-14;36;1;4
-21;-13;10;1;1
-21;-13;23;1;1
-21;-13;29;1;4
-21;-13;34;0;0
-21;-12;13;1;3
-21;-12;16;1;12
-21;-12;23;0;0
-21;-12;24;0;0
-21;-12;34;1;7
-21;-11;20;1;1
-21;-11;25;0;0
-21;-11;26;1;1
-21;-10;14;1;1
-21;-10;22;0;0
-21;-10;25;0;0
-21;-10;29;1;4
-21;-9;25;0;0
-21;-9;36;1;7
-21;-9;37;1;8
-21;-7;21;1;3
-21;-7;25;1;9
-21;-7;27;0;0
-21;-7;28;1;10
-21;-6;29;1;3
-21;-6;31;1;15
-21;-6;36;1;12
-21;-5;18;0;0
-21;-5;19;0;0
-21;-5;28;0;0
-21;-5;29;1;5
-21;-4;19;1;1
-21;-4;20;0;0
-21;-4;37;0;0
-21;-3;17;0;0
-21;-3;31;1;3
-21;-1;18;1;8
-21;-1;23;0;0
-21;-1;29;0;0
-21;0;28;1;3
-21;0;31;1;12
-21;0;36;1;4
-21;1;18;1;1
-21;1;26;1;4
-21;1;27;1;6
-21;1;33;1;5
-21;1;38;0;0
-21;1;39;1;1
-21;2;23;1;3
-21;3;23;1;7
-21;4;20;1;8
-21;4;26;0;0
-21;4;27;0;0
-21;4;30;1;3
-21;5;16;1;2
-21;5;22;1;5
-21;6;26;1;1
-21;7;37;1;15
-21;8;26;1;2
-21;8;34;1;4
-21;8;35;0;0
-21;9;21;1;6
-21;9;30;1;1
-21;10;22;1;1
-21;11;17;0;0
-21;11;22;0;0
-21;11;28;0;0
-21;11;30;0;0
-21;13;10;0;0
-21;13;13;1;5
-21;13;15;0;0
-21;13;21;0;0
-21;13;34;0;0
-21;14;11;1;1
-21;14;20;0;0
-21;14;22;0;0
-21;14;27;0;0
-21;14;29;0;0
-21;16;8;0;0
-21;16;13;0;0
-21;16;16;0;0
-21;16;21;1;1
-21;16;32;0;0
-21;17;15;0;0
-21;17;17;1;2
-21;17;18;0;0
-21;17;27;1;3
-21;17;33;0;0
-21;18;9;1;9
-21;18;17;0;0
-21;18;18;0;0
-21;19;8;1;1
-21;19;16;0;0
-21;19;20;1;2
-21;20;10;0;0
-21;20;21;1;3
-21;21;21;0;0
-21;21;32;0;0
-21;22;13;0;0
-21;23;9;0;0
-21;23;12;1;1
-21;25;15;1;5
-21;26;11;0;0
-21;26;24;0;0
-21;26;29;0;0
-21;27;10;1;1
-21;27;16;0;0
-21;27;24;0;0
-21;27;25;1;1
-21;28;18;1;3
-21;29;24;0;0
-21;30;21;0;0
-21;32;13;1;6
-21;32;21;0;0
-21;33;20;0;0
-21;35;15;0;0
-21;36;14;0;0
-20;-33;14;1;2
-20;-33;21;1;4
-20;-32;13;0;0
-20;-32;18;1;35
-20;-32;19;1;5
-20;-29;13;0;0
-20;-29;26;0;0
-20;-28;12;0;0
-20;-28;16;0;0
-20;-28;20;1;4
-20;-28;24;0;0
-20;-28;25;0;0
-20;-28;27;1;1
-20;-27;15;0;0
-20;-26;26;0;0
-20;-25;24;1;3
-20;-25;25;0;0
-20;-25;27;1;1
-20;-24;14;0;0
-20;-24;26;0;0
-20;-23;9;1;2
-20;-23;20;1;11
-20;-23;21;1;8
-20;-22;16;1;3
-20;-22;17;1;2
-20;-22;18;1;3
-20;-22;20;1;6
-20;-22;23;1;3
-20;-21;27;0;0
-20;-21;30;0;0
-20;-21;33;1;8
-20;-20;13;1;7
-20;-20;14;0;0
-20;-20;16;0;0
-20;-20;29;1;1
-20;-19;24;1;4
-20;-18;8;1;27
-20;-18;14;1;7
-20;-18;30;1;2
-20;-18;33;1;10
-20;-17;9;1;3
-20;-17;17;0;0
-20;-17;24;1;6
-20;-17;35;0;0
-20;-16;17;0;0
-20;-16;24;0;0
-20;-16;32;1;5
-20;-15;22;0;0
-20;-15;24;0;0
-20;-15;26;1;1
-20;-14;34;0;0
-20;-13;18;0;0
-20;-13;25;1;1
-20;-13;34;0;0
-20;-12;15;0;0
-20;-12;26;0;0
-20;-12;32;0;0
-20;-12;33;1;8
-20;-11;21;0;0
-20;-11;32;1;2
-20;-10;20;0;0
-20;-10;26;1;1
-20;-10;35;1;14
-20;-9;21;1;1
-20;-9;22;1;2
-20;-9;25;0;0
-20;-9;27;1;3
-20;-9;28;1;1
-20;-9;35;1;10
-20;-8;20;0;0
-20;-7;29;0;0
-20;-6;36;1;5
-20;-6;37;1;14
-20;-5;23;0;0
-20;-5;38;1;3
-20;-4;28;0;0
-20;-3;26;1;1
-20;-3;36;1;1
-20;-2;36;1;2
-20;-2;37;1;21
-20;-1;21;1;1
-20;-1;24;1;1
-20;-1;26;0;0
-20;-1;27;1;4
-20;0;18;1;3
-20;0;33;1;20
-20;0;38;0;0
-20;0;39;0;0
-20;1;20;1;5
-20;1;25;1;2
-20;1;29;1;38
-20;1;32;0;0
-20;2;18;1;17
-20;2;23;1;7
-20;2;35;1;3
-20;3;21;1;4
-20;3;37;0;0
-20;3;39;0;0
-20;4;18;0;0
-20;4;31;1;7
-20;5;38;0;0
-20;5;39;1;1
-20;6;19;0;0
-20;6;29;0;0
-20;6;34;1;1
-20;6;36;1;2
-20;7;25;0;0
-20;7;38;1;3
-20;8;31;0;0
-20;8;34;0;0
-20;9;30;1;3
-20;9;35;0;0
-20;10;22;1;1
-20;10;25;0;0
-20;10;38;1;4
-20;11;28;0;0
-20;11;35;0;0
-20;11;37;0;0
-20;12;16;1;1
-20;12;19;1;3
-20;12;32;0;0
-20;13;12;1;15
-20;13;35;1;3
-20;13;37;1;1
-20;14;26;0;0
-20;14;35;0;0
-20;15;10;1;1
-20;15;20;0;0
-20;15;28;0;0
-20;16;10;0;0
-20;17;8;0;0
-20;17;14;0;0
-20;17;19;1;1
-20;17;20;1;1
-20;17;22;1;1
-20;17;29;0;0
-20;18;9;1;1
-20;18;27;0;0
-20;18;33;1;2
-20;19;12;0;0
-20;19;23;1;1
-20;19;31;0;0
-20;19;32;0;0
-20;20;13;0;0
-20;20;17;1;2
-20;20;21;1;1
-20;20;24;0;0
-20;20;29;0;0
-20;21;12;0;0
-20;21;13;0;0
-20;21;15;0;0
-20;21;16;1;2
-20;21;19;0;0
-20;21;33;0;0
-20;22;8;1;3
-20;22;17;0;0
-20;23;23;0;0
-20;23;29;0;0
-20;24;9;1;1
-20;24;12;1;2
-20;26;13;0;0
-20;26;16;0;0
-20;26;22;0;0
-20;27;11;1;4
-20;28;13;0;0
-20;28;23;1;3
-20;29;17;0;0
-20;29;25;0;0
-20;29;27;1;1
-20;30;10;1;1
-20;30;11;0;0
-20;30;13;0;0
-20;30;18;1;3
-20;30;24;1;2
-20;31;17;0;0
-20;31;18;1;5
-20;33;13;1;1
-20;33;15;1;2
-19;-30;18;1;2
-19;-30;19;1;2
-19;-29;15;0;0
-19;-28;18;1;8
-19;-27;17;0;0
-19;-27;23;1;9
-19;-25;9;1;3
-19;-25;15;0;0
-19;-25;20;0;0
-19;-25;21;1;1
-19;-25;23;1;13
-19;-24;10;1;12
-19;-24;12;0;0
-19;-23;13;1;2
-19;-22;10;1;2
-19;-22;11;0;0
-19;-22;13;1;5
-19;-22;28;1;1
-19;-21;11;1;2
-19;-21;19;0;0
-19;-21;20;1;5
-19;-21;24;1;3
-19;-20;10;1;3
-19;-20;18;1;1
-19;-20;22;1;1
-19;-20;23;0;0
-19;-20;25;0;0
-19;-20;31;1;2
-19;-19;23;0;0
-19;-19;26;0;0
-19;-19;33;1;2
-19;-19;34;0;0
-19;-17;16;0;0
-19;-17;17;0;0
-19;-17;20;1;1
-19;-17;27;0;0
-19;-17;29;0;0
-19;-16;19;1;1
-19;-16;20;0;0
-19;-16;29;0;0
-19;-16;34;1;6
-19;-15;15;0;0
-19;-15;18;0;0
-19;-15;20;0;0
-19;-15;21;0;0
-19;-15;34;1;7
-19;-12;28;0;0
-19;-12;38;1;13
-19;-11;16;0;0
-19;-11;33;0;0
-19;-11;37;1;13
-19;-10;16;0;0
-19;-10;22;0;0
-19;-9;25;1;1
-19;-9;31;0;0
-19;-9;38;1;25
-19;-8;18;0;0
-19;-8;20;1;1
-19;-8;23;0;0
-19;-8;29;0;0
-19;-8;39;1;6
-19;-7;25;0;0
-19;-7;30;1;1
-19;-6;23;1;1
-19;-6;25;0;0
-19;-6;32;1;1
-19;-6;36;1;1
-19;-5;19;1;7
-19;-5;25;1;1
-19;-5;34;0;0
-19;-5;36;0;0
-19;-4;25;1;3
-19;-4;27;1;8
-19;-3;30;0;0
-19;-2;22;1;1
-19;-2;28;0;0
-19;-2;35;0;0
-19;-1;19;0;0
-19;-1;25;0;0
-19;-1;28;0;0
-19;-1;33;1;3
-19;0;19;0;0
-19;0;20;1;3
-19;0;34;1;14
-19;1;27;1;9
-19;1;28;1;18
-19;1;36;1;1
-19;2;20;1;9
-19;2;29;1;28
-19;2;40;1;4
-19;3;19;1;3
-19;3;27;1;1
-19;3;33;0;0
-19;4;26;0;0
-19;4;28;1;2
-19;4;31;0;0
-19;5;19;0;0
-19;5;25;1;3
-19;5;38;0;0
-19;6;19;1;1
-19;6;22;1;1
-19;6;30;1;2
-19;6;31;1;3
-19;7;24;1;1
-19;7;39;0;0
-19;8;25;1;1
-19;9;29;0;0
-19;9;36;1;1
-19;10;27;1;3
-19;10;28;1;1
-19;11;19;1;4
-19;11;21;0;0
-19;11;27;1;4
-19;11;30;0;0
-19;12;23;0;0
-19;12;28;0;0
-19;12;38;1;5
-19;13;14;0;0
-19;13;17;0;0
-19;13;19;1;1
-19;13;33;0;0
-19;14;21;0;0
-19;14;23;0;0
-19;14;35;0;0
-19;14;37;1;2
-19;16;14;1;5
-19;17;8;0;0
-19;17;13;1;3
-19;17;23;0;0
-19;17;27;0;0
-19;18;10;1;1
-19;18;13;1;1
-19;18;18;1;1
-19;18;29;0;0
-19;18;32;1;1
-19;18;35;0;0
-19;19;27;0;0
-19;19;33;1;1
-19;20;15;0;0
-19;20;17;1;5
-19;20;23;0;0
-19;21;10;1;6
-19;21;11;1;2
-19;21;21;0;0
-19;21;32;0;0
-19;22;9;1;4
-19;22;17;0;0
-19;22;23;0;0
-19;22;30;0;0
-19;23;10;1;4
-19;23;14;0;0
-19;23;15;0;0
-19;23;18;0;0
-19;23;24;0;0
-19;23;25;0;0
-19;23;26;0;0
-19;23;32;0;0
-19;24;27;0;0
-19;24;29;0;0
-19;25;19;1;2
-19;28;14;0;0
-19;28;18;0;0
-19;28;26;1;1
-19;29;12;1;1
-19;29;13;1;4
-19;29;19;0;0
-19;30;14;0;0
-19;30;16;0;0
-19;30;20;0;0
-19;31;12;1;2
-19;31;23;1;5
-19;32;13;1;1
-19;32;22;1;3
-18;-31;20;1;2
-18;-30;12;1;8
-18;-29;24;1;9
-18;-28;15;0;0
-18;-28;17;1;1
-18;-28;19;0;0
-18;-28;27;1;2
-18;-27;12;1;1
-18;-27;24;1;32
-18;-27;29;0;0
-18;-26;24;1;5
-18;-26;25;1;7
-18;-25;31;1;10
-18;-24;11;1;1
-18;-24;15;0;0
-18;-23;8;0;0
-18;-23;9;0;0
-18;-23;17;1;9
-18;-22;15;0;0
-18;-22;33;1;13
-18;-22;34;1;16
-18;-21;16;0;0
-18;-21;19;0;0
-18;-21;20;1;2
-18;-21;21;1;2
-18;-21;22;0;0
-18;-21;31;0;0
-18;-20;13;1;1
-18;-20;14;0;0
-18;-20;23;1;2
-18;-20;35;1;4
-18;-19;12;0;0
-18;-19;14;0;0
-18;-19;26;0;0
-18;-19;35;0;0
-18;-18;34;0;0
-18;-17;29;0;0
-18;-15;13;1;5
-18;-15;16;1;2
-18;-15;17;0;0
-18;-15;21;0;0
-18;-15;24;0;0
-18;-15;36;0;0
-18;-13;23;0;0
-18;-12;34;0;0
-18;-11;17;1;4
-18;-11;32;1;2
-18;-10;20;0;0
-18;-10;24;0;0
-18;-10;25;0;0
-18;-10;29;0;0
-18;-9;31;1;1
-18;-9;36;0;0
-18;-8;23;0;0
-18;-8;35;1;1
-18;-7;20;1;1
-18;-7;30;1;4
-18;-7;33;1;3
-18;-5;21;1;1
-18;-5;30;1;4
-18;-4;22;1;1
-18;-4;28;1;1
-18;-4;35;0;0
-18;-3;26;1;5
-18;-3;33;0;0
-18;-2;28;1;3
-18;-2;37;0;0
-18;-1;20;1;16
-18;0;23;1;9
-18;0;30;1;3
-18;1;24;1;29
-18;1;25;1;4
-18;1;37;1;2
-18;1;38;0;0
-18;2;36;0;0
-18;3;24;0;0
-18;3;26;1;3
-18;3;32;0;0
-18;4;23;0;0
-18;4;27;1;3
-18;5;26;0;0
-18;5;32;0;0
-18;5;37;0;0
-18;7;36;0;0
-18;7;39;0;0
-18;8;19;0;0
-18;8;27;0;0
-18;8;29;0;0
-18;8;39;0;0
-18;10;34;0;0
-18;10;38;1;6
-18;10;39;1;7
-18;11;17;1;7
-18;11;34;0;0
-18;12;18;1;5
-18;12;26;1;2
-18;13;20;1;1
-18;13;26;0;0
-18;13;27;0;0
-18;13;31;0;0
-18;13;35;0;0
-18;14;17;0;0
-18;14;24;0;0
-18;14;27;0;0
-18;14;32;1;4
-18;14;38;1;2
-18;15;13;0;0
-18;15;14;0;0
-18;15;17;1;3
-18;15;37;0;0
-18;16;12;1;12
-18;16;14;1;2
-18;16;21;0;0
-18;16;22;0;0
-18;16;26;0;0
-18;16;29;0;0
-18;17;10;1;1
-18;17;12;1;3
-18;18;28;0;0
-18;18;33;0;0
-18;18;36;0;0
-18;19;8;1;2
-18;19;16;1;1
-18;19;27;0;0
-18;19;32;1;1
-18;20;8;1;1
-18;20;26;0;0
-18;20;33;1;10
-18;21;15;1;1
-18;21;29;0;0
-18;22;16;0;0
-18;22;21;1;2
-18;22;22;1;3
-18;23;10;1;5
-18;23;15;1;3
-18;24;12;1;11
-18;24;24;1;2
-18;24;30;0;0
-18;25;22;1;8
-18;25;29;0;0
-18;26;10;0;0
-18;26;14;1;2
-18;26;18;0;0
-18;27;15;0;0
-18;27;27;0;0
-18;28;15;0;0
-18;28;29;1;2
-18;29;10;0;0
-18;29;14;0;0
-18;29;15;0;0
-18;29;20;0;0
-18;30;14;1;3
-18;30;20;0;0
-17;-29;11;1;3
-17;-29;16;0;0
-17;-29;18;0;0
-17;-29;23;1;1
-17;-28;10;0;0
-17;-28;28;1;1
-17;-27;11;1;5
-17;-27;15;1;3
-17;-27;23;1;6
-17;-27;28;1;1
-17;-26;12;0;0
-17;-26;28;1;2
-17;-26;29;0;0
-17;-25;14;0;0
-17;-25;18;1;9
-17;-25;24;1;15
-17;-24;8;1;19
-17;-24;31;1;8
-17;-24;32;1;9
-17;-23;17;1;17
-17;-23;31;1;3
-17;-22;14;0;0
-17;-22;23;1;2
-17;-22;29;1;6
-17;-22;30;0;0
-17;-22;31;0;0
-17;-21;13;0;0
-17;-21;16;1;1
-17;-21;17;0;0
-17;-21;18;1;3
-17;-20;14;0;0
-17;-20;18;0;0
-17;-20;29;1;2
-17;-20;34;1;1
-17;-20;35;0;0
-17;-19;12;1;1
-17;-19;34;1;1
-17;-18;21;0;0
-17;-18;24;0;0
-17;-18;32;0;0
-17;-17;12;1;1
-17;-17;29;1;2
-17;-16;14;1;5
-17;-16;27;0;0
-17;-16;35;0;0
-17;-15;18;0;0
-17;-15;21;0;0
-17;-15;31;0;0
-17;-15;32;1;3
-17;-15;37;0;0
-17;-14;31;0;0
-17;-13;18;1;2
-17;-13;22;0;0
-17;-13;27;0;0
-17;-12;23;1;4
-17;-12;32;1;4
-17;-12;33;0;0
-17;-12;36;1;2
-17;-11;22;0;0
-17;-11;37;1;2
-17;-10;31;1;1
-17;-10;33;1;2
-17;-10;38;1;6
-17;-9;29;0;0
-17;-8;21;0;0
-17;-6;33;1;2
-17;-5;26;0;0
-17;-5;39;0;0
-17;-4;30;1;1
-17;-4;37;1;7
-17;-3;37;0;0
-17;-2;40;0;0
-17;-1;21;1;1
-17;-1;28;0;0
-17;-1;40;0;0
-17;0;21;1;1
-17;0;27;1;15
-17;0;33;0;0
-17;1;30;1;2
-17;2;28;1;8
-17;2;29;1;6
-17;3;21;1;1
-17;3;23;1;5
-17;3;36;1;1
-17;4;33;1;2
-17;4;37;0;0
-17;5;21;1;3
-17;5;27;0;0
-17;5;30;0;0
-17;5;32;0;0
-17;5;34;0;0
-17;5;35;1;1
-17;5;38;0;0
-17;7;26;1;1
-17;7;27;1;1
-17;7;29;1;6
-17;7;40;0;0
-17;8;29;1;2
-17;8;30;1;1
-17;8;39;0;0
-17;9;28;1;4
-17;10;29;0;0
-17;11;28;1;1
-17;12;20;1;6
-17;12;23;1;5
-17;13;24;1;5
-17;13;26;1;1
-17;13;37;0;0
-17;14;18;1;1
-17;14;21;0;0
-17;14;22;0;0
-17;14;34;1;6
-17;15;14;0;0
-17;15;23;0;0
-17;15;26;0;0
-17;15;34;0;0
-17;16;16;0;0
-17;16;21;0;0
-17;16;34;0;0
-17;17;13;1;3
-17;17;15;0;0
-17;17;17;0;0
-17;17;19;0;0
-17;17;23;1;6
-17;17;35;0;0
-17;18;11;0;0
-17;18;17;1;2
-17;18;22;1;3
-17;18;33;0;0
-17;19;8;1;5
-17;20;10;0;0
-17;20;14;1;7
-17;20;16;1;11
-17;20;17;1;8
-17;20;21;1;4
-17;20;22;1;9
-17;21;24;1;1
-17;21;28;0;0
-17;21;29;0;0
-17;22;22;1;1
-17;22;24;0;0
-17;22;30;1;4
-17;23;12;0;0
-17;23;21;1;5
-17;24;13;0;0
-17;24;30;0;0
-17;24;31;1;1
-17;25;11;0;0
-17;25;18;1;2
-17;25;21;1;17
-17;25;23;1;4
-17;25;26;1;10
-17;26;13;0;0
-17;26;19;1;2
-17;26;24;1;3
-17;26;26;1;12
-17;27;24;1;1
-17;27;26;1;1
-17;28;10;1;2
-17;28;12;1;5
-17;28;16;0;0
-17;28;18;0;0
-17;28;29;1;1
-17;29;18;0;0
-17;29;24;0;0
-17;29;25;1;7
-16;-27;21;1;1
-16;-27;24;1;1
-16;-25;23;0;0
-16;-24;14;0;0
-16;-24;18;1;1
-16;-24;25;1;1
-16;-24;30;1;2
-16;-23;8;1;3
-16;-23;11;0;0
-16;-23;12;1;1
-16;-23;21;0;0
-16;-23;28;1;1
-16;-23;29;0;0
-16;-23;31;1;7
-16;-22;14;0;0
-16;-22;21;0;0
-16;-22;33;1;5
-16;-21;12;0;0
-16;-21;19;1;2
-16;-21;21;0;0
-16;-21;26;1;5
-16;-21;27;1;2
-16;-21;35;1;34
-16;-20;13;0;0
-16;-20;14;1;2
-16;-19;14;1;4
-16;-19;15;0;0
-16;-19;18;1;1
-16;-18;17;0;0
-16;-18;26;0;0
-16;-18;34;0;0
-16;-18;36;1;1
-16;-16;16;1;4
-16;-16;30;0;0
-16;-16;34;1;1
-16;-15;19;1;1
-16;-15;21;0;0
-16;-14;20;0;0
-16;-13;20;0;0
-16;-13;24;0;0
-16;-13;32;0;0
-16;-13;34;1;1
-16;-12;23;0;0
-16;-10;19;0;0
-16;-10;24;0;0
-16;-10;27;0;0
-16;-10;33;1;2
-16;-10;38;1;4
-16;-10;40;1;1
-16;-9;21;0;0
-16;-9;28;1;2
-16;-8;20;0;0
-16;-8;26;0;0
-16;-8;28;1;5
-16;-8;32;0;0
-16;-7;31;0;0
-16;-6;22;0;0
-16;-6;32;0;0
-16;-6;37;1;1
-16;-6;38;0;0
-16;-4;21;1;4
-16;-4;26;0;0
-16;-3;30;0;0
-16;-3;40;1;1
-16;-2;22;1;1
-16;-2;29;0;0
-16;-1;23;1;7
-16;-1;32;1;2
-16;-1;37;0;0
-16;1;34;1;21
-16;2;26;1;12
-16;2;27;1;12
-16;2;34;0;0
-16;3;27;1;1
-16;4;23;0;0
-16;4;41;0;0
-16;5;26;0;0
-16;5;30;1;2
-16;5;32;0;0
-16;6;24;1;2
-16;6;25;1;1
-16;6;30;1;3
-16;6;32;0;0
-16;7;21;1;3
-16;7;29;0;0
-16;7;39;0;0
-16;8;23;1;4
-16;8;26;0;0
-16;8;34;0;0
-16;8;39;0;0
-16;9;31;0;0
-16;10;27;0;0
-16;10;32;0;0
-16;11;19;0;0
-16;11;22;0;0
-16;11;28;1;3
-16;12;18;1;2
-16;12;20;1;6
-16;12;25;1;4
-16;12;31;1;1
-16;12;37;0;0
-16;13;22;1;2
-16;13;36;0;0
-16;13;38;0;0
-16;14;35;1;3
-16;15;19;1;3
-16;15;24;1;3
-16;15;26;0;0
-16;16;15;0;0
-16;16;27;0;0
-16;16;28;1;1
-16;16;38;0;0
-16;17;21;0;0
-16;17;23;1;2
-16;17;29;0;0
-16;17;35;0;0
-16;18;15;1;6
-16;18;20;0;0
-16;18;28;0;0
-16;19;11;0;0
-16;19;14;1;8
-16;19;21;1;4
-16;20;13;0;0
-16;20;27;0;0
-16;21;13;0;0
-16;21;25;0;0
-16;22;24;1;1
-16;23;8;0;0
-16;23;18;0;0
-16;23;26;1;2
-16;24;9;0;0
-16;24;22;1;7
-16;24;26;1;11
-16;25;30;0;0
-16;25;32;1;2
-16;25;33;0;0
-16;26;19;0;0
-16;26;20;1;3
-16;26;23;1;2
-16;26;31;0;0
-16;27;13;0;0
-16;27;30;0;0
-15;-25;10;1;18
-15;-24;18;1;6
-15;-24;32;1;14
-15;-24;33;1;4
-15;-23;14;0;0
-15;-23;19;1;9
-15;-23;23;1;1
-15;-23;25;1;4
-15;-23;30;1;2
-15;-22;26;1;3
-15;-21;13;0;0
-15;-21;18;1;5
-15;-21;24;1;5
-15;-20;10;1;1
-15;-20;11;0;0
-15;-20;15;0;0
-15;-20;25;1;1
-15;-19;25;0;0
-15;-18;22;0;0
-15;-18;27;1;3
-15;-17;29;0;0
-15;-17;37;1;1
-15;-17;38;1;3
-15;-16;24;1;1
-15;-16;27;0;0
-15;-14;25;0;0
-15;-14;33;0;0
-15;-13;21;0;0
-15;-13;22;0;0
-15;-13;35;1;5
-15;-12;24;0;0
-15;-12;38;0;0
-15;-11;32;1;1
-15;-11;34;0;0
-15;-10;22;1;2
-15;-9;27;0;0
-15;-9;30;1;4
-15;-9;32;1;1
-15;-9;39;0;0
-15;-8;25;0;0
-15;-7;21;1;1
-15;-7;23;1;1
-15;-7;33;0;0
-15;-6;26;1;1
-15;-6;29;0;0
-15;-6;30;0;0
-15;-6;33;0;0
-15;-6;38;1;3
-15;-6;39;0;0
-15;-5;27;1;3
-15;-5;28;1;1
-15;-5;36;1;10
-15;-5;37;1;22
-15;-4;32;0;0
-15;-4;35;1;2
-15;-3;29;1;3
-15;-3;32;0;0
-15;-2;30;0;0
-15;-2;36;1;2
-15;-1;25;1;4
-15;-1;30;1;1
-15;-1;35;1;2
-15;-1;40;1;1
-15;0;28;1;11
-15;1;34;1;1
-15;1;41;0;0
-15;2;23;1;8
-15;2;30;1;1
-15;2;37;1;2
-15;3;23;1;6
-15;4;22;0;0
-15;4;36;1;1
-15;6;30;0;0
-15;6;34;0;0
-15;6;35;1;2
-15;6;40;0;0
-15;7;25;0;0
-15;10;34;0;0
-15;10;40;1;3
-15;12;37;0;0
-15;13;20;0;0
-15;13;28;1;6
-15;13;29;0;0
-15;13;39;1;4
-15;15;19;0;0
-15;15;23;1;8
-15;15;37;0;0
-15;16;19;1;2
-15;16;24;1;4
-15;16;26;0;0
-15;17;15;1;3
-15;17;26;1;1
-15;18;15;1;3
-15;18;19;0;0
-15;18;21;1;1
-15;19;27;0;0
-15;19;34;1;2
-15;20;14;1;24
-15;20;18;0;0
-15;21;14;1;5
-15;21;16;1;2
-15;21;19;1;6
-15;21;22;1;13
-15;21;27;0;0
-15;22;14;1;1
-15;23;21;0;0
-15;23;22;0;0
-15;24;10;0;0
-15;24;19;0;0
-15;24;21;0;0
-15;24;26;1;28
-15;25;11;0;0
-15;25;17;0;0
-15;25;24;1;11
-15;25;29;0;0
-14;-24;14;1;6
-14;-23;12;1;3
-14;-23;15;1;2
-14;-23;19;1;3
-14;-22;27;0;0
-14;-22;31;1;2
-14;-21;10;1;6
-14;-21;20;0;0
-14;-21;22;0;0
-14;-21;23;0;0
-14;-21;29;1;2
-14;-21;31;1;10
-14;-20;21;0;0
-14;-20;24;1;1
-14;-19;18;0;0
-14;-18;28;1;1
-14;-17;16;0;0
-14;-17;23;0;0
-14;-16;22;0;0
-14;-16;25;1;1
-14;-16;27;1;5
-14;-16;37;1;5
-14;-15;18;1;1
-14;-14;24;0;0
-14;-14;28;0;0
-14;-13;24;1;2
-14;-12;23;1;1
-14;-12;34;0;0
-14;-12;35;0;0
-14;-11;22;1;4
-14;-11;29;0;0
-14;-10;33;0;0
-14;-9;21;1;4
-14;-9;23;0;0
-14;-9;26;1;4
-14;-9;30;0;0
-14;-9;36;0;0
-14;-8;28;0;0
-14;-8;29;0;0
-14;-8;40;0;0
-14;-7;31;0;0
-14;-5;23;0;0
-14;-5;26;0;0
-14;-5;34;0;0
-14;-5;36;1;1
-14;-4;31;0;0
-14;-4;38;1;2
-14;-2;23;1;2
-14;-2;38;0;0
-14;-1;29;0;0
-14;-1;32;1;1
-14;0;31;1;11
-14;0;33;1;13
-14;1;23;0;0
-14;1;29;0;0
-14;1;33;1;1
-14;2;33;0;0
-14;4;24;1;19
-14;4;25;0;0
-14;4;28;1;2
-14;5;24;1;29
-14;5;26;1;1
-14;5;29;0;0
-14;5;33;0;0
-14;5;36;0;0
-14;5;38;0;0
-14;5;39;0;0
-14;6;24;1;9
-14;6;32;0;0
-14;6;38;0;0
-14;6;41;0;0
-14;8;22;1;25
-14;9;31;0;0
-14;9;34;0;0
-14;10;26;0;0
-14;10;38;0;0
-14;11;26;1;3
-14;11;35;0;0
-14;12;38;1;1
-14;12;39;0;0
-14;13;27;0;0
-14;13;29;1;1
-14;13;35;1;1
-14;14;24;1;10
-14;14;27;0;0
-14;15;22;0;0
-14;16;19;1;2
-14;16;30;1;2
-14;16;31;0;0
-14;17;32;0;0
-14;18;22;0;0
-14;19;19;0;0
-14;19;28;0;0
-14;20;21;1;1
-14;20;27;0;0
-14;21;11;0;0
-14;21;21;0;0
-14;21;29;0;0
-14;21;34;1;5
-14;21;35;1;4
-14;22;12;1;1
-14;22;15;1;9
-14;22;19;1;4
-14;22;20;0;0
-14;22;25;1;4
-14;22;26;1;2
-14;22;31;0;0
-14;22;33;1;2
-14;23;10;0;0
-14;23;11;0;0
-14;23;27;1;2
-14;24;9;0;0
-14;24;20;0;0
-14;24;26;1;5
-14;24;31;1;3
-14;24;34;0;0
-13;-22;19;0;0
-13;-22;20;1;1
-13;-22;25;1;1
-13;-22;30;0;0
-13;-22;32;1;1
-13;-20;13;0;0
-13;-18;27;0;0
-13;-17;35;1;11
-13;-16;17;1;5
-13;-16;22;1;1
-13;-16;29;0;0
-13;-16;30;0;0
-13;-16;35;1;1
-13;-15;30;1;3
-13;-15;34;1;1
-13;-14;20;0;0
-13;-14;29;0;0
-13;-13;24;0;0
-13;-13;25;0;0
-13;-13;33;0;0
-13;-12;21;0;0
-13;-12;25;0;0
-13;-12;40;0;0
-13;-11;32;1;1
-13;-10;23;1;3
-13;-10;24;0;0
-13;-10;39;0;0
-13;-9;38;0;0
-13;-9;39;0;0
-13;-8;32;1;1
-13;-8;37;0;0
-13;-8;38;0;0
-13;-8;40;0;0
-13;-7;24;1;1
-13;-7;36;0;0
-13;-6;23;1;2
-13;-6;28;0;0
-13;-5;36;0;0
-13;-4;23;1;5
-13;-4;35;0;0
-13;-3;33;0;0
-13;-2;24;1;2
-13;-2;27;1;1
-13;1;34;0;0
-13;2;24;1;3
-13;4;27;1;1
-13;4;32;1;1
-13;5;27;1;2
-13;7;32;1;1
-13;8;24;0;0
-13;8;26;0;0
-13;9;30;0;0
-13;10;21;0;0
-13;10;22;1;6
-13;10;39;1;6
-13;11;30;1;3
-13;11;37;0;0
-13;12;31;1;2
-13;12;34;0;0
-13;13;22;0;0
-13;13;27;0;0
-13;13;36;1;3
-13;13;40;1;2
-13;14;21;0;0
-13;14;25;1;6
-13;14;32;0;0
-13;15;19;1;1
-13;15;22;1;2
-13;15;27;1;2
-13;16;28;1;6
-13;16;30;0;0
-13;17;21;1;2
-13;17;32;1;1
-13;18;23;1;8
-13;18;34;1;2
-13;19;16;0;0
-13;19;18;0;0
-13;20;18;0;0
-12;-20;27;1;3
-12;-20;29;0;0
-12;-20;32;1;35
-12;-19;37;0;0
-12;-18;38;0;0
-12;-17;30;0;0
-12;-17;33;1;2
-12;-16;25;0;0
-12;-15;30;0;0
-12;-15;35;1;1
-12;-15;40;0;0
-12;-14;39;0;0
-12;-13;27;0;0
-12;-12;23;1;1
-12;-12;36;0;0
-12;-12;39;0;0
-12;-11;26;1;1
-12;-11;31;1;1
-12;-10;26;1;2
-12;-10;29;1;7
-12;-10;34;0;0
-12;-8;23;1;1
-12;-8;26;1;1
-12;-8;31;0;0
-12;-8;32;1;1
-12;-8;36;0;0
-12;-6;27;0;0
-12;-5;31;0;0
-12;-4;28;1;3
-12;-3;24;1;6
-12;-3;31;1;1
-12;-2;26;0;0
-12;-2;30;0;0
-12;1;27;0;0
-12;2;24;1;5
-12;3;28;0;0
-12;4;34;0;0
-12;5;24;1;1
-12;5;28;0;0
-12;6;30;1;1
-12;6;34;0;0
-12;7;35;0;0
-12;8;23;1;3
-12;8;26;1;2
-12;8;36;1;1
-12;8;37;0;0
-12;8;39;0;0
-12;9;29;0;0
-12;9;36;0;0
-12;9;38;0;0
-12;9;40;1;3
-12;10;35;0;0
-12;11;24;1;16
-12;12;22;1;4
-12;13;32;1;1
-12;14;40;0;0
-12;15;20;1;5
-12;15;21;1;7
-12;15;24;1;9
-12;16;26;0;0
-12;16;33;0;0
-12;16;36;1;1
-12;17;18;0;0
-12;17;23;1;5
-12;17;24;1;9
-12;18;22;1;8
-12;18;36;1;2
-12;19;20;0;0
-12;19;30;1;2
-12;19;37;0;0
-12;20;27;1;6
-12;20;28;1;2
-12;20;32;0;0
-12;20;35;0;0
-12;20;37;0;0
-11;-19;24;1;1
-11;-19;29;0;0
-11;-19;30;1;5
-11;-19;37;0;0
-11;-18;38;0;0
-11;-17;25;1;1
-11;-17;34;0;0
-11;-16;27;0;0
-11;-16;33;0;0
-11;-16;36;0;0
-11;-16;38;0;0
-11;-15;26;1;1
-11;-15;27;0;0
-11;-14;39;0;0
-11;-13;22;1;4
-11;-13;33;0;0
-11;-13;35;0;0
-11;-13;38;0;0
-11;-13;40;0;0
-11;-12;27;1;5
-11;-12;31;0;0
-11;-12;37;0;0
-11;-11;29;0;0
-11;-11;36;0;0
-11;-11;40;0;0
-11;-10;25;0;0
-11;-10;40;0;0
-11;-9;29;1;5
-11;-9;32;0;0
-11;-8;33;0;0
-11;-7;32;0;0
-11;-7;35;0;0
-11;-6;25;0;0
-11;-5;31;0;0
-11;-4;25;0;0
-11;-3;26;0;0
-11;0;25;1;13
-11;0;28;1;5
-11;2;27;0;0
-11;4;24;1;2
-11;4;32;0;0
-11;5;24;0;0
-11;5;25;0;0
-11;5;26;0;0
-11;6;27;0;0
-11;7;25;1;10
-11;7;32;0;0
-11;7;35;0;0
-11;8;35;1;1
-11;9;33;0;0
-11;9;39;0;0
-11;10;26;0;0
-11;10;30;0;0
-11;10;35;0;0
-11;10;37;0;0
-11;11;32;0;0
-11;12;29;1;1
-11;13;27;0;0
-11;13;28;0;0
-11;13;32;0;0
-11;13;40;0;0
-11;14;26;0;0
-11;14;38;0;0
-11;15;25;1;1
-11;15;27;1;5
-11;15;33;0;0
-11;16;21;1;7
-11;16;27;0;0
-11;16;31;0;0
-11;16;35;0;0
-11;18;17;0;0
-11;18;23;1;3
-11;18;27;1;2
-11;18;39;0;0
-11;19;20;1;3
-11;19;30;0;0
-10;-17;28;0;0
-10;-16;30;0;0
-10;-16;35;0;0
-10;-15;22;0;0
-10;-15;26;1;7
-10;-15;30;1;1
-10;-14;29;0;0
-10;-14;37;0;0
-10;-13;23;1;7
-10;-13;37;0;0
-10;-12;39;0;0
-10;-11;36;0;0
-10;-10;27;0;0
-10;-10;38;0;0
-10;-8;32;0;0
-10;-7;31;0;0
-10;-7;32;0;0
-10;-5;30;0;0
-10;-1;25;0;0
-10;5;28;0;0
-10;7;27;0;0
-10;8;26;1;3
-10;8;34;0;0
-10;10;25;0;0
-10;11;28;0;0
-10;12;22;1;25
-10;12;29;1;1
-10;12;31;0;0
-10;13;29;0;0
-10;13;30;0;0
-10;13;36;0;0
-10;13;37;0;0
-10;15;27;1;2
-10;15;28;1;2
-10;15;31;0;0
-10;15;33;0;0
-10;16;29;0;0
-10;16;34;0;0
-10;17;21;1;1
-10;17;25;1;5
-10;17;33;0;0
-10;17;34;0;0
-10;17;37;0;0
-9;-15;23;1;18
-9;-15;31;0;0
-9;-13;38;1;1
-9;-12;25;1;2
-9;-12;27;0;0
-9;-12;28;0;0
-9;-11;30;0;0
-9;-10;26;0;0
-9;-10;29;0;0
-9;-9;31;1;1
-9;-8;30;0;0
-9;-7;30;0;0
-9;5;27;0;0
-9;6;27;0;0
-9;6;29;0;0
-9;7;27;1;1
-9;7;30;0;0
-9;8;24;1;1
-9;10;27;0;0
-9;11;26;0;0
-9;11;27;0;0
-9;11;28;0;0
-9;13;23;0;0
-9;13;25;0;0
-9;13;27;0;0
-9;14;26;0;0
-9;14;32;0;0
-9;14;37;0;0
-9;15;25;0;0
-9;15;27;0;0
-9;15;37;0;0
-8;-13;23;1;5
-8;-13;26;0;0
-8;-13;31;0;0
-8;-13;33;0;0
-8;-12;26;0;0
-8;-11;24;1;5
-8;-11;37;0;0
-8;-9;28;0;0
-8;-8;26;0;0
-8;-7;26;0;0
-8;-6;26;0;0
-8;-6;27;0;0
-8;7;27;0;0
-8;8;29;1;1
-8;10;25;0;0
-8;11;26;0;0
-8;11;32;0;0
-8;12;29;0;0
-8;13;22;1;1
-8;13;29;0;0
-7;-12;25;0;0
-7;-12;38;0;0
-7;-11;27;0;0
-7;-10;28;0;0
-7;-10;30;0;0
-7;-9;28;0;0
-7;9;26;1;1
-7;10;31;0;0
-7;11;26;0;0
-7;11;28;0;0
-7;12;31;0;0
-7;12;37;0;0
-6;-10;24;0;0
-6;9;27;0;0
