10;444;1
x;y;z;E
-8;8;29;3
-10;12;29;3
-18;-4;39;3
-9;-9;33;3
-18;0;39;3
-18;0;39;3
-9;-13;38;3
-11;-8;30;3
-11;12;29;3
-11;4;27;3
-11;-17;39;3
-9;-9;31;3
-11;13;31;3
-17;-6;39;3
-28;-13;28;3
-28;-13;28;3
-7;-11;34;3
-10;16;28;3
-12;18;36;3
-12;18;36;3
-11;17;30;3
-24;32;15;3
-24;32;15;3
-24;32;15;3
-36;16;16;3
-10;-16;34;3
-11;-8;31;3
-12;7;37;3
-12;7;37;3
-17;-4;39;3
-17;-4;39;3
-17;-4;39;3
-9;-15;21;3
-9;-15;21;3
-9;-15;21;3
-9;-15;21;3
-31;-7;11;3
-32;-7;12;3
-32;13;26;3
-10;-17;29;3
-27;-20;27;3
-40;-2;13;3
-40;-2;13;3
-16;25;14;3
-12;9;40;3
-12;9;40;3
-12;9;40;3
-10;17;39;3
-31;16;21;3
-15;7;33;3
-16;23;28;3
-13;-7;33;3
-13;-7;33;3
-22;31;21;3
-7;-10;33;3
-24;32;16;3
-19;9;36;3
-19;21;28;3
-18;23;28;3
-22;-17;25;3
-11;14;34;3
-15;-9;40;3
-15;-9;40;3
-21;24;28;3
-11;12;37;3
-11;12;37;3
-18;2;39;3
-22;-25;27;3
-22;-25;27;3
-22;-25;27;3
-21;-15;12;3
-21;-15;12;3
-21;-15;12;3
-31;-13;27;3
-32;-7;10;3
-20;27;25;3
-20;27;25;3
-37;14;15;3
-13;-5;34;3
-21;28;23;3
-21;28;23;3
-29;15;24;3
-29;15;24;3
-29;15;24;3
-14;13;35;3
-27;23;22;3
-21;27;25;3
-24;-20;23;3
-34;14;21;3
-34;14;21;3
-30;22;12;3
-13;-14;25;3
-13;-14;25;3
-30;-27;11;3
-30;-27;11;3
-30;-27;11;3
-30;-27;11;3
-30;-27;11;3
-30;-27;11;3
-30;-27;11;3
-30;-27;11;3
-30;-27;11;3
-30;-27;11;3
-36;-3;11;2
-36;-3;11;2
-11;19;33;2
-16;23;29;2
-37;-5;19;2
-35;16;16;2
-35;16;16;2
-9;14;21;2
-22;-28;25;2
-19;-14;21;2
-19;-14;21;2
-13;-8;32;2
-13;14;35;2
-13;14;35;2
-16;25;11;2
-11;-3;29;2
-11;-14;33;2
-11;-14;33;2
-11;-14;33;2
-27;8;31;2
-21;-14;12;2
-22;-16;25;2
-16;9;35;2
-11;4;28;2
-20;28;23;2
-20;28;23;2
-20;28;23;2
-10;15;28;2
-10;15;28;2
-29;14;24;2
-29;14;24;2
-29;14;24;2
-15;-11;35;2
-39;3;17;2
-39;3;17;2
-39;3;17;2
-26;-8;13;2
-33;-1;25;2
-16;-11;25;2
-25;32;15;2
-13;9;33;2
-27;-9;33;2
-27;-9;33;2
-27;-9;33;2
-11;18;36;2
-13;-19;35;2
-13;-19;35;2
-35;-18;18;2
-35;-18;18;2
-14;22;25;2
-14;22;25;2
-14;22;25;2
-14;22;25;2
-26;-26;20;2
-22;-25;23;2
-22;-25;23;2
-22;-25;23;2
-21;-17;25;2
-11;15;35;2
-14;-5;35;2
-12;8;36;2
-34;16;19;2
-18;-24;11;2
-41;-1;13;2
-21;15;11;2
-21;15;11;2
-20;34;12;2
-24;-28;14;2
-27;-6;11;2
-22;-13;25;2
-22;-13;25;2
-22;-13;25;2
-22;-13;25;2
-32;-8;12;2
-32;-8;12;2
-10;-11;25;2
-14;-12;20;2
-19;-15;29;2
-16;21;8;2
-16;21;8;2
-34;16;23;2
-17;22;29;2
-17;22;29;2
-22;27;23;2
-22;27;23;2
-22;27;23;2
-22;27;23;2
-22;27;23;2
-18;-29;20;2
-18;-29;20;2
-23;-23;28;2
-34;23;11;2
-22;-29;11;2
-23;22;26;2
-34;-5;26;2
-33;-4;9;2
-33;-4;9;2
-33;-4;9;2
-33;-1;28;2
-31;15;16;2
-11;6;34;2
-11;6;34;2
-26;-6;9;2
-38;-8;20;2
-28;14;18;2
-20;25;24;2
-14;17;34;2
-14;17;34;2
-14;17;34;2
-30;22;20;2
-23;15;25;2
-14;-8;36;2
-20;-21;29;2
-17;-12;29;2
-17;-12;29;2
-26;2;10;2
-26;2;10;2
-10;2;25;2
-11;14;35;2
-11;14;35;2
-11;14;35;2
-34;5;23;2
-23;-32;11;2
-15;16;35;2
-18;14;34;2
-21;-26;27;2
-21;-26;27;2
-21;-26;27;2
-21;-26;27;2
-21;-26;27;2
-21;-26;27;2
-21;-26;27;2
-34;-19;18;2
-28;3;28;2
-28;3;28;2
-23;-20;13;2
-23;-20;13;2
-26;31;16;2
-26;31;16;2
-26;31;16;2
-17;-19;34;2
-33;-14;24;2
-12;-15;21;2
-21;20;13;2
-18;-9;39;2
-13;15;34;2
-14;7;28;2
-17;5;35;2
-19;-16;26;2
-20;1;20;2
-20;1;20;2
-20;1;20;2
-20;1;20;2
-20;1;20;2
-15;3;35;2
-15;3;35;2
-15;-20;25;2
-11;-18;23;2
-13;17;17;2
-38;-9;19;2
-17;21;24;2
-31;-14;11;2
-31;-14;11;2
-15;22;27;2
-15;22;27;2
-15;9;36;2
-15;9;36;2
-11;-10;30;2
-11;-10;30;2
-32;-6;10;2
-22;21;27;2
-29;19;21;2
-29;19;21;2
-29;19;21;2
-29;19;21;2
-29;19;21;2
-32;-2;25;2
-36;-1;11;2
-36;-1;11;2
-31;-4;13;2
-31;-4;13;2
-31;-4;13;2
-31;-4;13;2
-31;-4;13;2
-20;-17;24;2
-20;-17;24;2
-20;-17;24;2
-20;-17;24;2
-20;-17;24;2
-20;-17;24;2
-24;-1;33;2
-15;-3;35;2
-15;-3;35;2
-15;-3;35;2
-15;-3;35;2
-16;1;30;2
-16;1;30;2
-16;1;30;2
-18;20;11;2
-15;-20;14;2
-10;-13;25;2
-22;17;29;2
-20;-15;12;2
-23;13;9;2
-24;-20;28;2
-33;17;21;2
-33;17;21;2
-26;17;10;2
-14;23;25;2
-14;23;25;2
-14;23;25;2
-14;23;25;2
-19;-12;22;2
-19;-12;22;2
-26;-7;28;2
-16;-25;28;2
-16;-25;28;2
-39;4;18;2
-39;4;18;2
-39;4;18;2
-20;27;11;2
-20;27;11;2
-20;27;11;2
-20;27;11;2
-20;-12;20;2
-19;28;26;2
-15;7;26;2
-15;7;26;2
-15;7;26;2
-12;13;32;2
-23;28;25;2
-27;24;13;2
-27;24;13;2
-19;-17;21;2
-25;-9;13;2
-28;25;14;2
-27;25;13;2
-27;25;13;2
-21;17;34;2
-16;24;12;2
-13;-15;32;2
-13;-15;32;2
-13;-15;32;2
-13;-15;32;2
-13;-15;32;2
-20;-13;25;2
-24;-32;15;2
-24;-32;15;2
-14;-18;32;2
-14;-18;32;2
-23;1;37;2
-10;-9;28;2
-10;-9;28;2
-10;-9;28;2
-10;-9;28;2
-10;-9;28;2
-10;-9;28;2
-10;-9;28;2
-10;-9;28;2
-40;2;16;2
-40;2;16;2
-12;6;30;2
-19;12;33;2
-19;12;33;2
-19;12;33;2
-19;12;33;2
-23;-31;17;2
-21;12;35;2
-21;12;35;2
-21;12;35;2
-21;12;35;2
-21;12;35;2
-21;12;35;2
-21;12;35;2
-26;29;20;2
-26;29;20;2
-6;-9;25;2
-22;28;25;2
-22;22;18;2
-24;33;12;2
-31;17;23;2
-23;26;23;2
-23;26;23;2
-11;-16;32;2
-21;-11;20;2
-17;12;36;2
-15;-4;35;2
-15;-4;35;2
-19;13;23;2
-20;14;11;2
-20;28;11;2
-20;28;11;2
-20;28;11;2
-20;28;11;2
-20;28;11;2
-24;-4;32;2
-24;-4;32;2
-24;-4;32;2
-24;-4;32;2
-24;-4;32;2
-24;-4;32;2
-24;-4;32;2
-24;-4;32;2
-24;-4;32;2
-24;-4;32;2
-22;20;25;2
-21;-20;25;2
-21;-20;25;2
-21;-20;25;2
-21;-20;25;2
-21;-20;25;2
-20;21;27;2
-30;21;10;2
-17;1;30;2
-17;1;30;2
-19;29;26;2
-19;29;26;2
-19;29;26;2
-19;29;26;2
-22;-8;34;2
-19;-17;20;2
-21;-34;17;2
-21;-34;17;2
-21;-34;17;2
-21;-34;17;2
-21;-34;17;2
-21;-34;17;2
-21;-34;17;2
-21;-34;17;2
-39;1;17;2
-17;14;34;2
-17;14;34;2
-17;14;34;2
-17;14;34;2
-17;14;34;2
-17;14;34;2
-38;15;12;2
-38;15;12;2
-38;15;12;2
-38;15;12;2
-38;15;12;2
-38;15;12;2
-12;10;33;2
-12;10;33;2
-12;10;33;2
-32;13;25;2
-32;13;25;2
-32;13;25;2
-22;-15;13;2
-22;-15;13;2
-18;19;24;2
-18;19;24;2
-20;30;24;2
-20;30;24;2
-25;-12;10;2
-25;-12;10;2
-25;-12;10;2
-25;-12;10;2
-25;-12;10;2
-26;7;33;2
-33;16;10;2
-33;16;10;2
-29;-12;27;2
-11;19;31;2
-34;18;20;2
-18;23;12;2
-18;23;12;2
-27;8;33;2
-27;-8;31;2
-26;-32;14;2
-28;6;13;2
-28;6;13;2
-28;6;13;2
-40;13;12;2
-32;1;13;2
-32;1;13;2
-35;13;18;2
-35;13;18;2
-35;13;18;2
-21;15;29;2
-21;15;29;2
-38;-7;20;2
-40;-9;14;2
-38;12;13;2
-38;12;13;2
-16;27;10;2
-13;-15;30;2
-13;-15;30;2
-13;-15;30;2
-29;17;12;2
-15;-5;40;2
-17;-12;36;2
-17;-12;36;2
-41;-3;15;2
-28;-16;27;2
-12;18;28;2
-12;18;28;2
-12;18;28;2
-24;-22;22;2
-24;-22;22;2
-24;-22;22;2
-21;6;26;2
-20;-25;13;2
-36;2;16;2
-12;9;33;2
-12;9;33;2
-12;9;33;2
-27;-20;12;2
-23;-28;24;2
-27;-11;16;2
-27;27;16;2
-27;27;16;2
-27;27;16;2
-27;27;16;2
-16;16;25;2
-27;25;14;2
-27;25;14;2
-27;25;14;2
-27;25;18;2
-27;25;18;2
-27;25;18;2
-27;25;18;2
-18;-20;13;2
-12;-15;35;2
-16;-26;23;2
-16;-26;23;2
-17;8;20;2
-22;-4;17;2
-29;25;14;2
-29;25;14;2
-29;25;14;2
-29;25;14;2
-29;25;14;2
-9;-15;22;2
-9;-15;22;2
-23;-14;8;2
-21;21;12;2
-20;6;38;2
-33;5;22;2
-33;5;22;2
-33;5;22;2
-33;5;22;2
-33;5;22;2
-27;-8;22;2
-13;-3;29;2
-13;-3;29;2
-18;-29;12;2
-14;-17;20;2
-12;16;36;2
-12;-8;26;2
-29;18;21;2
-22;-23;9;2
-24;-4;33;2
-24;-4;33;2
-24;-4;33;2
-24;-4;33;2
-24;-4;33;2
-24;-4;33;2
-23;-20;16;2
-12;-14;32;2
-24;-1;25;2
-24;-1;25;2
-31;-7;10;2
-11;-10;24;2
-28;0;23;2
-28;0;23;2
-24;-21;23;2
-24;-21;23;2
-33;-1;9;2
-33;-1;9;2
-17;8;30;2
-30;-12;27;2
-38;-12;19;2
-20;30;18;2
-20;30;18;2
-20;30;18;2
-15;-3;29;2
-15;-3;29;2
-15;-3;29;2
-26;26;22;2
-26;26;22;2
-25;13;22;2
-25;13;22;2
-25;13;22;2
-25;13;22;2
-25;13;22;2
-9;-13;31;2
-18;1;37;2
-18;1;37;2
-27;26;19;2
-27;26;19;2
-27;26;19;2
-14;7;31;2
-14;7;31;2
-14;7;31;2
-25;24;24;2
-8;-13;24;2
-8;-13;24;2
-8;-13;24;2
-21;-14;18;2
-13;15;33;2
-19;24;17;2
-19;24;17;2
-12;-8;32;2
-38;12;14;2
-27;-10;27;2
-27;-10;27;2
-14;-8;32;2
-18;-24;14;2
-33;-23;16;2
-33;-23;16;2
-33;-23;16;2
-33;-23;16;2
-12;-18;32;2
-27;21;21;2
-22;-29;10;2
-16;-13;28;2
-16;-13;28;2
-16;-13;28;2
-16;-13;28;2
-40;6;12;2
-40;6;12;2
-11;0;28;2
-11;0;28;2
-11;0;28;2
-11;0;28;2
-11;0;28;2
-22;20;27;2
-14;-5;24;2
-13;-15;34;2
-30;-15;23;2
-18;23;10;2
-18;23;10;2
-18;23;10;2
-18;23;10;2
-18;23;10;2
-22;15;29;2
-22;15;29;2
-22;32;12;2
-34;-13;22;2
-31;3;13;2
-18;14;33;2
-22;22;12;2
-15;7;38;2
-15;7;38;2
-15;7;38;2
-30;18;21;2
-30;18;21;2
-24;24;13;2
-24;24;13;2
-16;-15;25;2
-26;20;13;2
-26;20;13;2
-26;20;13;2
-26;20;13;2
-20;26;20;2
-20;26;20;2
-20;26;20;2
-29;-18;25;2
-18;-11;18;2
-15;-20;23;2
-15;-20;23;2
-15;-20;23;2
-15;-20;23;2
-15;-20;23;2
-15;-20;23;2
-18;-21;25;2
-23;21;25;2
-22;-23;23;2
-34;-5;21;2
-34;-5;21;2
-34;-5;21;2
-17;-13;18;2
-17;-13;18;2
-26;3;10;2
-26;3;10;2
-26;3;10;2
-26;18;21;2
-26;18;21;2
-27;17;19;2
-32;-10;9;2
-24;1;20;2
-24;1;20;2
-24;1;20;2
-35;-19;16;2
-35;-19;16;2
-35;-19;16;2
-35;-19;16;2
-17;-9;33;2
-17;-9;33;2
-17;-9;33;2
-13;13;36;2
-13;13;36;2
-13;13;36;2
-22;22;13;2
-22;22;13;2
-23;-17;25;2
-23;-17;25;2
-31;25;13;2
-31;25;13;2
-31;25;13;2
-31;25;13;2
-31;25;13;2
-31;25;13;2
-26;-14;31;2
-26;-14;31;2
-26;-14;31;2
-28;5;13;2
-36;2;19;2
-11;-14;28;2
-11;-14;28;2
-18;-17;20;2
-18;-17;20;2
-18;-17;20;2
-24;16;25;2
-23;-21;23;2
-33;-5;21;2
-33;-5;21;2
-14;12;38;2
-24;-28;11;2
-25;11;8;2
-25;11;8;2
-23;-19;12;2
-21;-22;25;2
-21;-22;25;2
-35;-16;11;2
-35;-16;11;2
-16;13;26;2
-16;13;26;2
-25;-11;11;2
-25;-11;11;2
-25;-11;11;2
-36;2;17;2
-36;2;17;2
-36;2;17;2
-36;2;17;2
-27;-11;17;2
-27;-11;17;2
-27;-11;17;2
-27;-11;17;2
-27;-11;17;2
-20;27;19;2
-20;27;19;2
-20;27;19;2
-20;27;19;2
-20;27;19;2
-20;27;19;2
-20;27;19;2
-20;27;19;2
-20;27;19;2
-20;27;19;2
-23;-22;25;2
-23;-22;25;2
-27;-8;8;2
-16;18;25;2
-16;18;25;2
-30;1;13;2
-34;-19;16;2
-12;-16;32;2
-20;27;20;2
-20;27;20;2
-20;27;20;2
-20;27;20;2
-20;27;20;2
-20;27;20;2
-20;27;20;2
-20;27;20;2
-28;21;20;2
-12;20;13;2
-12;20;13;2
-16;-15;19;2
-24;-31;18;2
-24;-31;18;2
-30;24;16;2
-30;24;16;2
-30;24;16;2
-33;2;25;2
-11;-5;28;2
-11;-5;28;2
-11;-5;28;2
-15;-19;28;2
-15;-19;28;2
-15;-19;28;2
-17;1;22;2
-17;1;22;2
-17;1;22;2
-23;25;23;2
-30;-13;25;2
-30;-13;25;2
-12;7;31;2
-19;21;23;2
-11;11;37;2
-24;-2;18;2
-24;-2;18;2
-24;-2;18;2
-24;-2;18;2
-24;-2;18;2
-20;23;19;2
-23;-21;13;2
-23;-21;13;2
-23;-21;13;2
-23;-21;13;2
-23;-21;13;2
-20;-15;26;2
-40;-5;13;2
-40;-5;13;2
-40;-5;13;2
-40;-5;13;2
-40;-5;13;2
-11;12;36;2
-24;-21;22;2
-17;-25;28;2
-17;-25;28;2
-16;-2;24;2
-16;-2;24;2
-26;7;31;2
-26;7;31;2
-28;-8;30;2
-11;14;20;2
-11;14;20;2
-11;14;20;2
-11;14;20;2
-11;14;20;2
-11;14;20;2
-27;7;28;2
-29;-19;13;2
-41;-1;12;2
-26;-27;20;2
-27;6;17;2
-27;6;17;2
-27;6;17;2
-27;6;17;2
-26;1;26;2
-22;-23;28;2
-22;-17;27;2
-22;-17;27;2
-16;-4;22;2
-16;-4;22;2
-24;-23;23;2
-26;21;22;2
-26;21;22;2
-19;29;21;2
-19;29;21;2
-27;27;14;2
-13;7;40;2
-13;7;40;2
-13;7;40;2
-23;8;15;2
-37;-5;22;2
-37;-5;22;2
-17;14;35;2
-17;14;35;2
-17;14;35;2
-22;-15;26;2
-22;-15;26;2
-22;-15;26;2
-22;-15;26;2
-23;-19;22;2
-23;-19;22;2
-23;-19;22;2
-26;-14;9;2
-19;-10;29;2
-29;7;28;2
-29;7;28;2
-27;12;10;2
-22;-8;33;2
-22;-8;33;2
-22;-8;33;2
-22;-8;33;2
-22;-8;33;2
-22;-8;33;2
-37;-5;18;2
-31;-25;16;2
-15;4;36;2
-27;-7;21;2
-33;-1;21;2
-32;-5;21;2
-28;-24;19;2
-28;-24;19;2
-28;-24;19;2
-28;-24;19;2
-25;-8;31;2
-20;-30;21;2
-20;-30;21;2
-20;-30;21;2
-13;15;36;2
-13;15;36;2
-22;17;19;2
-23;21;14;2
-35;-14;15;2
-17;-15;29;2
-35;-7;14;2
-32;-8;10;2
-15;24;32;2
-15;24;32;2
-15;24;32;2
-15;24;32;2
-15;24;32;2
-25;14;22;2
-25;14;22;2
-25;14;22;2
-25;14;22;2
-34;15;15;2
-25;-19;24;2
-21;20;29;2
-18;20;9;2
-37;6;16;2
-12;-13;26;2
-30;17;12;2
-30;17;12;2
-11;18;23;2
-11;18;23;2
-11;18;23;2
-22;-31;11;2
-22;-31;11;2
-22;-31;11;2
-35;-5;21;2
-35;-5;21;2
-35;-5;21;2
-17;13;26;2
-23;-20;12;2
-19;-21;13;2
-19;4;36;2
-19;4;36;2
-19;4;36;2
-19;4;36;2
-13;-15;25;2
-12;-8;23;2
-31;-18;22;2
-31;-18;22;2
-31;-18;22;2
-24;-23;20;2
-24;-23;20;2
-24;-23;20;2
-25;-9;32;2
-25;-9;32;2
-25;12;10;2
-28;2;26;2
-28;2;26;2
-17;22;18;2
-17;22;18;2
-17;22;18;2
-17;22;18;2
-17;22;18;2
-17;22;18;2
-17;22;18;2
-17;22;18;2
-17;22;18;2
-17;22;18;2
-17;22;18;2
-18;-7;22;2
-23;-4;30;2
-23;-4;30;2
-23;-4;30;2
-30;12;14;2
-8;-13;22;2
-8;-13;22;2
-8;-13;22;2
-8;-13;22;2
-8;-13;22;2
-8;-13;22;2
-8;-13;22;2
-8;-13;22;2
-8;-13;22;2
-8;-13;22;2
-27;24;17;2
-27;24;17;2
-12;-17;17;2
-12;-17;17;2
-12;-17;17;2
-30;-3;31;2
-30;-3;31;2
-30;-3;31;2
-30;-3;31;2
-21;-34;16;2
-21;-34;16;2
-21;-34;16;2
-21;-34;16;2
-33;15;13;2
-23;24;23;2
-30;12;27;2
-30;12;27;2
-30;12;27;2
-30;12;27;2
-30;12;27;2
-30;12;27;2
-30;12;27;2
-30;12;27;2
-22;-25;10;2
-22;-25;10;2
-22;-25;10;2
-33;5;10;2
-22;-1;16;2
-22;-1;16;2
-37;-2;18;2
-37;-2;18;2
-12;-12;32;2
-12;-12;32;1
-12;-12;32;1
-27;10;9;1
-27;10;9;1
-14;7;26;1
-35;4;18;1
-27;-7;33;1
-17;20;24;1
-36;-19;16;1
-31;4;25;1
-21;-24;23;1
-21;-24;23;1
-21;-24;23;1
-26;-9;9;1
-32;7;12;1
-26;9;19;1
-27;-16;27;1
-27;-16;27;1
-27;-16;27;1
-27;-16;27;1
-22;-23;24;1
-22;-23;24;1
-22;-23;24;1
-22;-23;24;1
-18;-14;36;1
-15;1;24;1
-15;1;24;1
-15;1;24;1
-15;1;24;1
-15;1;24;1
-15;1;24;1
-15;1;24;1
-15;1;24;1
-30;-7;22;1
-29;-11;27;1
-29;-11;27;1
-24;-4;31;1
-24;-4;31;1
-24;-4;31;1
-24;-4;31;1
-11;-9;29;1
-11;-9;29;1
-11;-9;29;1
-11;-9;29;1
-11;-9;29;1
-21;27;10;1
-17;-10;33;1
-17;-10;33;1
-28;17;18;1
-23;22;24;1
-23;22;24;1
-23;-28;12;1
-16;26;13;1
-16;26;13;1
-37;6;17;1
-37;6;17;1
-23;31;17;1
-17;-10;25;1
-25;3;10;1
-25;3;10;1
-25;3;10;1
-25;3;10;1
-25;3;10;1
-25;3;10;1
-20;-28;27;1
-26;-30;14;1
-26;-30;14;1
-26;-30;14;1
-26;-30;14;1
-27;3;18;1
-27;3;18;1
-28;-5;25;1
-20;6;28;1
-20;-14;29;1
-20;-14;29;1
-20;-14;29;1
-20;-14;29;1
-23;-28;15;1
-23;-28;15;1
-21;-15;22;1
-16;-20;16;1
-20;-23;9;1
-20;-23;9;1
-20;10;15;1
-20;10;15;1
-20;10;15;1
-36;-14;12;1
-22;-15;24;1
-26;27;18;1
-26;27;18;1
-26;27;18;1
-26;27;18;1
-26;27;18;1
-32;-13;11;1
-32;-13;11;1
-32;-13;11;1
-33;4;21;1
-33;4;21;1
-33;4;21;1
-33;4;21;1
-33;5;13;1
-33;5;13;1
-33;5;13;1
-33;5;13;1
-33;5;13;1
-33;5;13;1
-33;5;13;1
-33;5;13;1
-33;5;13;1
-33;5;13;1
-33;5;13;1
-15;-4;39;1
-15;-4;39;1
-32;-4;25;1
-32;-4;25;1
-32;-4;25;1
-24;-23;22;1
-24;-23;22;1
-19;22;28;1
-19;22;28;1
-19;22;28;1
-26;3;19;1
-26;3;19;1
-27;28;19;1
-12;-12;28;1
-12;-12;28;1
-11;15;20;1
-11;15;20;1
-11;15;20;1
-11;15;20;1
-11;15;20;1
-11;15;20;1
-11;15;20;1
-35;-19;17;1
-17;7;26;1
-17;21;8;1
-17;21;8;1
-17;21;8;1
-30;9;23;1
-22;18;23;1
-22;18;23;1
-21;14;11;1
-9;8;24;1
-19;7;27;1
-15;-3;26;1
-15;-3;26;1
-15;-3;26;1
-15;-3;26;1
-15;-3;26;1
-15;-3;26;1
-15;-3;26;1
-15;-3;26;1
-15;-3;26;1
-15;-3;26;1
-15;-3;26;1
-25;-11;12;1
-22;7;25;1
-20;24;11;1
-22;-11;25;1
-22;-11;25;1
-22;-11;25;1
-23;-23;23;1
-25;-9;9;1
-34;22;11;1
-32;10;26;1
-19;-9;28;1
-19;-9;28;1
-19;-9;28;1
-19;-9;28;1
-19;-9;28;1
-23;10;15;1
-23;10;15;1
-26;20;12;1
-26;20;12;1
-26;20;12;1
-26;20;12;1
-19;-10;28;1
-35;-17;14;1
-35;-17;14;1
-35;-17;14;1
-26;28;18;1
-18;-9;20;1
-22;-15;27;1
-22;-15;27;1
-22;-15;27;1
-22;-15;27;1
-22;-15;27;1
-22;-15;27;1
-24;-19;13;1
-15;-25;27;1
-19;-2;36;1
-19;-2;36;1
-19;-2;36;1
-16;13;25;1
-25;7;30;1
-19;-20;31;1
-19;-20;31;1
-32;2;12;1
-32;2;12;1
-32;2;12;1
-15;1;34;1
-32;-5;24;1
-32;-5;24;1
-36;3;19;1
-36;3;19;1
-18;25;10;1
-18;25;10;1
-18;25;10;1
-34;16;16;1
-34;16;16;1
-34;16;16;1
-14;13;29;1
-10;-15;31;1
-10;-15;31;1
-25;28;16;1
-25;28;16;1
-22;-14;18;1
-22;-14;18;1
-30;-13;20;1
-30;-13;20;1
-30;-13;20;1
-14;-20;30;1
-21;-4;18;1
-32;9;20;1
-22;-3;16;1
-24;-17;25;1
-27;26;16;1
-27;26;16;1
-27;26;16;1
-14;-20;20;1
-33;18;20;1
-33;18;20;1
-33;18;20;1
-33;18;20;1
-30;-15;24;1
-13;4;27;1
-28;-11;29;1
-28;-11;29;1
-28;-13;24;1
-28;-13;24;1
-28;-13;24;1
-28;-13;24;1
-28;-13;24;1
-28;-13;24;1
-16;-19;18;1
-25;-20;28;1
-23;15;29;1
-19;-4;30;1
-21;18;11;1
-21;18;11;1
-19;-7;30;1
-18;21;10;1
-26;-21;27;1
-33;-3;21;1
-17;7;25;1
-18;8;23;1
-18;8;23;1
-18;8;23;1
-18;8;23;1
-18;8;23;1
-18;8;23;1
-18;8;23;1
-18;8;23;1
-18;8;23;1
-18;8;23;1
-18;8;23;1
-18;8;23;1
-18;8;23;1
-18;8;23;1
-23;7;19;1
-23;7;19;1
-23;7;19;1
-17;-29;11;1
-17;-29;11;1
-17;-29;11;1
-21;33;11;1
-25;14;8;1
-25;14;8;1
-25;14;8;1
-21;-16;12;1
-36;14;13;1
-17;-8;33;1
-17;-8;33;1
-28;9;31;1
-21;-20;30;1
-21;-20;30;1
-21;-20;30;1
-18;28;25;1
-21;-2;18;1
-21;-2;18;1
-17;8;23;1
-17;8;23;1
-17;8;23;1
-17;8;23;1
-17;8;23;1
-17;8;23;1
-24;1;21;1
-24;1;21;1
-26;-17;20;1
-24;-27;15;1
-26;-10;17;1
-26;-10;17;1
-23;28;23;1
-28;2;25;1
-28;2;25;1
-26;21;14;1
-22;-15;19;1
-22;-15;19;1
-36;-1;10;1
-36;-1;10;1
-36;-1;10;1
-36;-1;10;1
-36;-1;10;1
-32;0;15;1
-32;0;15;1
-32;0;15;1
-32;0;15;1
-32;0;15;1
-32;0;15;1
-32;0;15;1
-32;0;15;1
-32;0;15;1
-32;0;15;1
-32;0;15;1
-32;0;15;1
-32;0;15;1
-32;0;15;1
-32;0;15;1
-33;-9;15;1
-21;23;12;1
-19;-21;12;1
-34;-4;10;1
-14;20;32;1
-16;3;30;1
-16;3;30;1
-16;3;30;1
-16;3;30;1
-16;3;30;1
-16;3;30;1
-16;3;30;1
-16;3;30;1
-16;3;30;1
-16;3;30;1
-30;4;25;1
-30;4;25;1
-30;4;25;1
-30;4;25;1
-30;4;25;1
-26;1;10;1
-26;1;10;1
-26;1;10;1
-26;1;10;1
-26;1;10;1
-19;-11;25;1
-19;-11;25;1
-19;-11;25;1
-19;-11;25;1
-11;-14;30;1
-11;-14;30;1
-11;-14;30;1
-11;-14;30;1
-12;14;33;1
-12;14;33;1
-12;14;33;1
-20;-16;27;1
-38;-6;13;1
-38;-6;13;1
-38;-6;13;1
-38;-6;13;1
-38;-6;13;1
-29;17;13;1
-16;-12;29;1
-13;-17;27;1
-14;-21;29;1
-14;-21;29;1
-21;-25;23;1
-21;-25;23;1
-21;-25;23;1
-23;6;20;1
-11;18;27;1
-11;18;27;1
-31;-12;24;1
-17;-21;16;1
-26;13;17;1
-22;-5;35;1
-22;-5;35;1
-22;-5;35;1
-22;-5;35;1
-14;13;19;1
-17;-26;9;1
-17;-26;9;1
-17;-26;9;1
-17;-26;9;1
-17;-26;9;1
-17;-26;9;1
-32;-9;25;1
-9;-15;27;1
-30;-1;25;1
-26;31;13;1
-26;31;13;1
-26;31;13;1
-26;31;13;1
-26;31;13;1
-26;31;13;1
-26;31;13;1
-26;31;13;1
-26;31;13;1
-26;31;13;1
-22;-8;28;1
-22;-8;28;1
-22;-8;28;1
-22;-8;28;1
-22;-8;28;1
-22;-8;28;1
-22;-8;28;1
-22;-8;28;1
-22;-8;28;1
-22;-8;28;1
-26;19;13;1
-23;-15;12;1
-27;21;25;1
-22;-13;13;1
-22;-13;13;1
-22;-13;13;1
-32;17;13;1
-18;-21;18;1
-11;-2;28;1
-26;-18;22;1
-26;-18;22;1
-26;-18;22;1
-15;-16;32;1
-15;-16;32;1
-17;29;14;1
-20;12;26;1
-28;-17;23;1
-25;-3;10;1
-25;-3;10;1
-25;-3;10;1
-25;-3;10;1
-25;-3;10;1
-25;-3;10;1
-33;-8;12;1
-17;26;30;1
-20;-32;22;1
-20;-32;22;1
-21;-18;32;1
-13;7;32;1
-31;9;18;1
-15;-13;18;1
-15;-13;18;1
-17;22;30;1
-17;22;30;1
-17;22;30;1
-17;22;30;1
-17;-3;29;1
-17;-3;29;1
-17;-3;29;1
-20;13;35;1
-20;13;35;1
-20;13;35;1
-32;-18;22;1
-32;-18;22;1
-32;-18;22;1
-14;-12;28;1
-14;-12;28;1
-12;20;30;1
-16;-8;36;1
-16;-8;36;1
-23;-26;24;1
-26;20;24;1
-26;20;24;1
-26;20;24;1
-26;20;24;1
-26;20;24;1
-26;20;24;1
-22;-24;27;1
-22;-24;27;1
-22;-24;27;1
-11;-8;24;1
-11;-8;24;1
-11;-8;24;1
-31;7;16;1
-31;7;16;1
-31;7;16;1
-24;-13;12;1
-27;-30;14;1
-32;5;10;1
-32;5;10;1
-22;-7;25;1
-22;-7;25;1
-22;-7;25;1
-22;-7;25;1
-22;-7;25;1
-22;-7;25;1
-22;-7;25;1
-22;-7;25;1
-22;-7;25;1
-22;-7;25;1
-22;-7;25;1
-22;-7;25;1
-22;-7;25;1
-22;-7;25;1
-22;-7;25;1
-22;-7;25;1
-16;11;38;1
-16;11;38;1
-24;2;21;1
-24;2;21;1
-28;-25;21;1
-31;12;16;1
-18;-2;36;1
-18;-2;36;1
-18;-2;36;1
-13;20;19;1
-13;20;19;1
-13;20;19;1
-38;8;11;1
-13;15;26;1
-13;15;26;1
-13;15;26;1
-13;15;26;1
-13;15;26;1
-13;15;26;1
-35;-16;13;1
-41;-1;11;1
-18;-27;12;1
-18;-13;36;1
-18;-13;36;1
-23;-21;12;1
-23;-21;12;1
-23;-21;12;1
-23;-21;12;1
-25;-5;33;1
-26;31;15;1
-26;31;15;1
-23;5;23;1
-23;5;23;1
-23;5;23;1
-23;5;23;1
-11;18;24;1
-11;18;24;1
-11;18;24;1
-11;18;24;1
-11;-14;29;1
-11;-14;29;1
-11;-14;29;1
-15;-11;30;1
-15;-11;30;1
-23;6;26;1
-27;-19;11;1
-24;14;31;1
-24;14;31;1
-16;6;30;1
-16;6;30;1
-16;6;30;1
-17;6;32;1
-34;13;10;1
-34;13;10;1
-34;13;10;1
-34;13;10;1
-34;13;10;1
-26;17;20;1
-26;17;20;1
-25;-30;13;1
-25;-30;13;1
-29;-17;22;1
-29;-17;22;1
-29;-17;22;1
-29;-17;22;1
-29;-17;22;1
-29;-17;22;1
-35;22;14;1
-31;-27;15;1
-25;15;16;1
-27;27;17;1
-27;27;17;1
-26;20;14;1
-16;-14;38;1
-16;-14;38;1
-32;-2;13;1
-32;-2;13;1
-32;-2;13;1
-32;-2;13;1
-32;-2;13;1
-32;-2;13;1
-19;-27;9;1
-18;-26;19;1
-33;5;16;1
-33;5;16;1
-33;5;16;1
-33;5;16;1
-24;27;12;1
-24;27;12;1
-24;27;12;1
-24;27;12;1
-28;22;23;1
-13;16;37;1
-21;4;23;1
-21;4;23;1
-22;20;12;1
-22;-5;16;1
-12;19;29;1
-12;19;29;1
-12;19;29;1
-12;19;29;1
-12;19;29;1
-12;19;29;1
-12;19;29;1
-29;-1;21;1
-21;-4;19;1
-14;9;25;1
-19;10;16;1
-19;10;16;1
-19;10;16;1
-19;10;16;1
-19;10;16;1
-19;10;16;1
-19;10;16;1
-14;-19;27;1
-19;13;25;1
-24;20;11;1
-11;-15;26;1
-24;29;21;1
-14;1;27;1
-21;30;18;1
-21;30;18;1
-21;30;18;1
-21;30;18;1
-21;30;18;1
-21;30;18;1
-21;30;18;1
-21;30;18;1
-21;30;18;1
-21;30;18;1
-15;18;21;1
-18;-3;23;1
-18;-3;23;1
-18;-3;23;1
-13;-22;25;1
-28;-17;25;1
-28;-17;25;1
-28;-17;25;1
-28;-17;25;1
-36;3;20;1
-36;3;20;1
-36;3;20;1
-36;3;20;1
-36;3;20;1
-36;3;20;1
-36;3;20;1
-13;3;26;1
-13;3;26;1
-25;24;13;1
-25;24;13;1
-25;24;13;1
-27;20;22;1
-24;4;21;1
-26;-12;16;1
-26;-12;16;1
-26;-12;16;1
-23;-25;23;1
-23;-25;23;1
-23;-25;23;1
-23;-25;23;1
-23;-25;23;1
-23;-15;13;1
-23;-15;13;1
-23;-15;13;1
-23;-15;13;1
-23;-15;13;1
-38;-3;19;1
-38;-3;19;1
-31;-3;11;1
-19;31;16;1
-19;31;16;1
-25;29;19;1
-25;29;19;1
-25;29;19;1
-25;29;19;1
-30;8;27;1
-30;8;27;1
-30;0;15;1
-30;0;15;1
-30;0;15;1
-15;13;35;1
-15;13;35;1
-15;13;35;1
-15;13;35;1
-15;13;35;1
-19;26;19;1
-26;9;28;1
-22;-2;25;1
-11;4;24;1
-11;4;24;1
-27;-11;9;1
-27;-11;9;1
-22;16;23;1
-22;16;23;1
-22;16;23;1
-22;16;23;1
-19;14;27;1
-19;-20;11;1
-19;-20;11;1
-19;-20;11;1
-26;-8;31;1
-26;-8;31;1
-26;-8;31;1
-27;-12;17;1
-27;-12;17;1
-27;-12;17;1
-19;-20;22;1
-22;13;22;1
-21;17;23;1
-32;-11;20;1
-32;8;13;1
-32;8;13;1
-27;10;32;1
-27;10;32;1
-27;10;32;1
-27;10;32;1
-23;20;11;1
-37;-7;14;1
-37;-7;14;1
-37;-7;14;1
-28;10;31;1
-28;10;31;1
-30;24;15;1
-19;1;21;1
-19;1;21;1
-19;1;21;1
-19;1;21;1
-16;16;28;1
-41;-2;11;1
-41;-2;11;1
-41;-2;11;1
-41;-2;11;1
-21;-18;31;1
-22;-4;15;1
-22;-4;15;1
-22;-4;15;1
-22;-4;15;1
-22;-4;15;1
-22;24;16;1
-22;24;16;1
-22;24;16;1
-29;-22;11;1
-14;23;22;1
-16;-25;21;1
-15;18;34;1
-16;-3;34;1
-16;-3;34;1
-16;-3;34;1
-16;-3;34;1
-16;-3;34;1
-16;-3;34;1
-22;-11;20;1
-22;-11;20;1
-22;-11;20;1
-21;4;32;1
-21;4;32;1
-21;4;32;1
-25;-14;9;1
-25;-14;9;1
-25;-14;9;1
-25;-14;9;1
-19;2;20;1
-19;2;20;1
-19;2;20;1
-19;2;20;1
-19;2;20;1
-19;2;20;1
-19;2;20;1
-19;2;20;1
-19;2;20;1
-27;-5;28;1
-21;-17;24;1
-21;-17;24;1
-22;-9;13;1
-22;-9;13;1
-22;-9;13;1
-22;-9;13;1
-22;-9;13;1
-28;3;24;1
-28;3;24;1
-22;16;29;1
-22;-20;30;1
-21;-23;23;1
-26;26;16;1
-18;-25;26;1
-18;-25;26;1
-18;-25;26;1
-18;-25;26;1
-18;-25;26;1
-18;-25;26;1
-30;3;27;1
-19;-21;24;1
-19;-21;24;1
-19;-21;24;1
-30;-12;24;1
-30;-12;24;1
-30;-12;24;1
-21;-29;13;1
-19;21;10;1
-19;21;10;1
-19;21;10;1
-19;21;10;1
-19;21;10;1
-19;21;10;1
-17;11;25;1
-35;-6;20;1
-35;-6;20;1
-35;-6;20;1
-35;-6;20;1
-20;-31;22;1
-20;-31;22;1
-20;-31;22;1
-20;-31;22;1
-20;-31;22;1
-20;-31;22;1
-20;-31;22;1
-25;23;22;1
-12;15;36;1
-12;15;36;1
-14;15;28;1
-14;15;28;1
-19;28;24;1
-23;4;22;1
-23;4;22;1
-23;4;22;1
-23;4;22;1
-29;25;12;1
-29;25;12;1
-31;17;22;1
-19;7;30;1
-24;-5;32;1
-24;-5;32;1
-24;-5;32;1
-24;-5;32;1
-24;-5;32;1
-24;-5;32;1
-24;-5;32;1
-24;-5;32;1
-24;-5;32;1
-24;-5;32;1
-24;-5;32;1
-24;-5;32;1
-24;-5;32;1
-24;-5;32;1
-34;-20;16;1
-34;-20;16;1
-24;-16;9;1
-24;-16;9;1
-24;-16;9;1
-24;-16;9;1
-14;-24;14;1
-14;-24;14;1
-14;-24;14;1
-14;-24;14;1
-33;9;15;1
-16;-8;22;1
-18;24;25;1
-18;24;25;1
-27;-21;12;1
-27;-21;12;1
-27;-21;12;1
-27;-21;12;1
-22;17;17;1
-22;17;17;1
-22;17;17;1
-22;17;17;1
-22;17;17;1
-25;-14;18;1
-25;20;27;1
-25;20;27;1
-22;-4;28;1
-20;10;22;1
-27;-11;18;1
-27;-11;18;1
-27;-11;18;1
-27;-11;18;1
-19;-8;26;1
-19;-8;26;1
-19;-8;26;1
-17;-26;18;1
-17;-26;18;1
-17;-26;18;1
-17;-26;18;1
-17;-26;18;1
-17;-26;18;1
-17;-26;18;1
-17;-26;18;1
-17;-26;18;1
-17;-26;18;1
-19;8;27;1
-20;-20;29;1
-27;-11;14;1
-20;1;19;1
-25;15;22;1
-25;15;22;1
-25;15;22;1
-25;15;22;1
-25;15;22;1
-25;15;22;1
-25;15;22;1
-25;15;22;1
-34;-15;18;1
-34;-15;18;1
-27;15;10;1
-22;8;15;1
-13;1;27;1
-13;1;27;1
-19;28;23;1
-22;-25;11;1
-22;-25;11;1
-38;-7;13;1
-38;-7;13;1
-38;-7;13;1
-38;-7;13;1
-38;-7;13;1
-38;-7;13;1
-35;5;23;1
-35;5;23;1
-23;-3;30;1
-23;-3;30;1
-23;-3;30;1
-23;-3;30;1
-23;17;16;1
-23;17;16;1
-23;17;16;1
-23;17;16;1
-23;17;16;1
-23;17;16;1
-23;17;16;1
-23;17;16;1
-9;-12;25;1
-9;-12;25;1
-12;20;27;1
-12;20;27;1
-12;20;27;1
-12;20;27;1
-12;20;27;1
-12;20;27;1
-20;-9;28;1
-34;9;17;1
-34;9;17;1
-34;9;17;1
-34;9;17;1
-41;-1;16;1
-31;1;19;1
-34;-1;28;1
-33;2;12;1
-28;0;8;1
-28;0;8;1
-28;0;8;1
-28;0;8;1
-18;17;10;1
-27;-6;18;1
-26;-4;32;1
-26;-4;32;1
-20;4;32;1
-20;4;32;1
-20;4;32;1
-25;-1;32;1
-25;-30;14;1
-19;31;14;1
-19;31;14;1
-19;1;20;1
-19;1;20;1
-26;10;9;1
-26;18;22;1
-26;18;22;1
-26;18;22;1
-26;18;22;1
-16;1;29;1
-16;1;29;1
-20;24;20;1
-20;24;20;1
-20;24;20;1
-25;14;21;1
-25;14;21;1
-18;-26;26;1
-18;-26;26;1
-18;-26;26;1
-28;-21;23;1
-21;-15;9;1
-21;-15;9;1
-21;-15;9;1
-21;-15;9;1
-21;-15;9;1
-21;-15;9;1
-21;-15;9;1
-23;-31;12;1
-13;-19;34;1
-13;-19;34;1
-13;-19;34;1
-13;-19;34;1
-13;-19;34;1
-13;-19;34;1
-13;-19;34;1
-13;-19;34;1
-13;-19;34;1
-25;12;19;1
-18;5;35;1
-30;-12;15;1
-30;-12;15;1
-33;3;20;1
-33;3;20;1
-33;3;20;1
-33;3;20;1
-33;3;20;1
-33;3;20;1
-33;3;20;1
-33;3;20;1
-32;-13;13;1
-32;-13;13;1
-32;-13;13;1
-32;-13;13;1
-32;-13;13;1
-32;-13;13;1
-19;-6;30;1
-26;1;22;1
-26;1;22;1
-29;12;11;1
-20;-13;24;1
-10;-11;23;1
-10;-11;23;1
-10;-11;23;1
-10;-11;23;1
-10;-11;23;1
-10;-11;23;1
-10;-11;23;1
-10;-11;23;1
-10;-11;23;1
-32;6;10;1
-32;6;10;1
-12;15;34;1
-12;15;34;1
-12;15;34;1
-28;-2;23;1
-28;-2;23;1
-14;-23;13;1
-14;-23;13;1
-14;-23;13;1
-25;-13;30;1
-27;-22;14;1
-27;-22;14;1
-27;-22;14;1
-20;-10;28;1
-18;-11;35;1
-16;7;35;1
-16;7;35;1
-22;8;14;1
-14;5;28;1
-14;5;28;1
-14;5;28;1
-14;5;28;1
-14;5;28;1
-14;5;28;1
-14;5;28;1
-16;-15;37;1
-16;-15;37;1
-16;-15;37;1
-16;-15;37;1
-16;-15;37;1
-16;-15;37;1
-25;-6;33;1
-42;-3;12;1
-42;-3;12;1
-8;-13;23;1
-8;-13;23;1
-8;-13;23;1
-8;-13;23;1
-8;-13;23;1
-40;9;14;1
-40;9;14;1
-18;-11;23;1
-22;-17;24;1
-22;12;11;1
-22;12;11;1
-22;12;11;1
-22;12;11;1
-22;12;11;1
-22;12;11;1
-22;12;11;1
-22;12;11;1
-22;12;11;1
-22;12;11;1
-28;-28;19;1
-28;-28;19;1
-28;-28;19;1
-19;2;30;1
-19;2;30;1
-19;2;30;1
-19;2;30;1
-19;2;30;1
-19;2;30;1
-19;2;30;1
-19;2;30;1
-19;2;30;1
-19;2;30;1
-19;2;30;1
-19;2;30;1
-19;2;30;1
-19;2;30;1
-19;2;30;1
-19;2;30;1
-19;2;30;1
-19;2;30;1
-19;2;30;1
-19;2;30;1
-19;2;30;1
-19;2;30;1
-19;2;30;1
-19;2;30;1
-19;2;30;1
-19;2;30;1
-19;2;30;1
-19;2;30;1
-19;2;30;1
-37;8;12;1
-37;8;12;1
-25;-8;10;1
-25;-8;10;1
-26;13;22;1
-18;-8;29;1
-18;-8;29;1
-24;-3;32;1
-35;5;15;1
-18;-11;32;1
-18;-11;32;1
-37;6;21;1
-37;6;21;1
-37;6;21;1
-37;6;21;1
-17;-21;18;1
-17;-21;18;1
-17;-21;18;1
-15;-7;23;1
-22;-17;23;1
-18;6;23;1
-16;5;30;1
-16;5;30;1
-12;-3;31;1
-37;6;20;1
-37;6;20;1
-37;6;20;1
-37;6;20;1
-19;-13;17;1
-19;-13;17;1
-32;15;14;1
-32;15;14;1
-22;5;25;1
-26;-15;31;1
-29;-7;29;1
-23;-21;15;1
-31;14;13;1
-21;21;9;1
-21;21;9;1
-21;21;9;1
-21;21;9;1
-21;21;9;1
-21;21;9;1
-21;21;9;1
-21;21;9;1
-21;21;9;1
-21;21;9;1
-21;21;9;1
-21;21;9;1
-23;21;31;1
-22;3;16;1
-22;3;16;1
-14;21;24;1
-14;21;24;1
-14;21;24;1
-14;21;24;1
-14;21;24;1
-14;21;24;1
-14;21;24;1
-14;21;24;1
-14;21;24;1
-25;16;21;1
-15;-1;30;1
-17;10;26;1
-17;10;26;1
-17;10;26;1
-28;4;25;1
-40;1;11;1
-17;-7;30;1
-17;-7;30;1
-20;-17;11;1
-20;-17;11;1
-20;-17;11;1
-29;10;23;1
-16;25;16;1
-12;-18;24;1
-12;-18;24;1
-12;-18;24;1
-12;-18;24;1
-33;4;13;1
-33;4;13;1
-36;4;19;1
-36;4;19;1
-36;4;19;1
-36;4;19;1
-36;4;19;1
-36;4;19;1
-36;4;19;1
-28;-17;27;1
-21;19;23;1
-32;10;13;1
-21;8;16;1
-21;8;16;1
-21;8;16;1
-21;8;16;1
-33;17;13;1
-16;-18;28;1
-16;-18;28;1
-39;0;17;1
-39;0;17;1
-39;0;17;1
-36;8;10;1
-18;24;10;1
-32;-5;10;1
-32;-5;10;1
-20;26;11;1
-21;-18;26;1
-26;7;30;1
-30;17;14;1
-21;-24;27;1
-25;-10;13;1
-26;1;21;1
-26;1;21;1
-26;1;21;1
-26;1;21;1
-26;1;21;1
-26;1;21;1
-26;1;21;1
-26;1;21;1
-22;17;26;1
-18;3;34;1
-18;3;34;1
-18;3;34;1
-26;26;19;1
-26;26;19;1
-31;7;12;1
-27;20;15;1
-27;20;15;1
-27;20;15;1
-27;20;15;1
-27;20;15;1
-27;20;15;1
-27;20;15;1
-18;30;26;1
-18;30;26;1
-18;30;26;1
-18;30;26;1
-34;-12;12;1
-34;-12;12;1
-34;-12;12;1
-34;-12;12;1
-34;-12;12;1
-34;-12;12;1
-34;-12;12;1
-34;-12;12;1
-34;-12;12;1
-34;-12;12;1
-23;-8;30;1
-23;-8;30;1
-22;13;24;1
-22;13;24;1
-20;-18;27;1
-26;22;16;1
-33;-5;27;1
-33;-5;27;1
-33;-5;27;1
-32;-6;11;1
-32;-6;11;1
-32;-6;11;1
-32;-6;11;1
-15;-17;25;1
-15;-17;25;1
-15;-17;25;1
-15;-17;25;1
-15;-17;25;1
-26;-8;12;1
-26;-8;12;1
-26;-19;20;1
-26;-19;20;1
-26;-19;20;1
-29;17;16;1
-16;-2;22;1
-22;-8;25;1
-22;-8;25;1
-22;-8;25;1
-22;-8;25;1
-21;-25;20;1
-21;-25;20;1
-21;-25;20;1
-21;-25;20;1
-27;-27;11;1
-27;-27;11;1
-35;17;16;1
-35;17;16;1
-19;11;27;1
-19;11;27;1
-19;11;27;1
-19;11;27;1
-18;13;25;1
-18;13;25;1
-10;-7;25;1
-10;-7;25;1
-10;-7;25;1
-10;-7;25;1
-10;-7;25;1
-33;15;18;1
-33;15;18;1
-33;15;18;1
-33;15;18;1
-33;15;18;1
-33;15;18;1
-33;15;18;1
-26;-28;21;1
-21;5;23;1
-21;5;23;1
-21;5;23;1
-21;5;23;1
-21;5;23;1
-21;5;23;1
-21;5;23;1
-21;5;23;1
-21;5;23;1
-31;11;18;1
-31;11;18;1
-20;-21;25;1
-20;-21;25;1
-20;-21;25;1
-24;24;23;1
-18;7;27;1
-18;7;27;1
-18;7;27;1
-18;20;12;1
-18;20;12;1
-15;2;35;1
-25;-25;21;1
-25;-25;21;1
-25;-25;21;1
-25;-25;21;1
-25;-25;21;1
-29;9;22;1
-29;9;22;1
-13;14;19;1
-29;-24;20;1
-29;-24;20;1
-19;-25;21;1
-27;15;9;1
-27;15;9;1
-29;13;19;1
-19;8;29;1
-19;8;29;1
-19;8;29;1
-20;-9;18;1
-14;17;17;1
-31;0;17;1
-20;-25;11;1
-20;-25;11;1
-20;-25;11;1
-20;-25;11;1
-20;-25;11;1
-13;4;32;1
-24;21;11;1
-25;-12;9;1
-25;-12;9;1
-25;-12;9;1
-19;-28;16;1
-19;-28;16;1
-16;14;35;1
-16;14;35;1
-16;14;35;1
-36;-13;20;1
-36;-13;20;1
-16;24;30;1
-27;-5;32;1
-27;-5;32;1
-27;-5;32;1
-27;-5;32;1
-27;-5;32;1
-27;-9;31;1
-27;-9;31;1
-27;-9;31;1
-15;6;31;1
-15;6;31;1
-15;6;31;1
-25;31;11;1
-25;31;11;1
-25;31;11;1
-25;31;11;1
-25;31;11;1
-25;31;11;1
-25;31;11;1
-25;31;11;1
-25;31;11;1
-25;31;11;1
-35;3;20;1
-35;3;20;1
-19;-29;12;1
-22;-4;23;1
-22;-4;23;1
-22;-4;23;1
-22;-4;23;1
-22;-4;23;1
-22;-4;23;1
-19;-16;19;1
-20;19;23;1
-23;-18;21;1
-29;12;26;1
-29;12;26;1
-29;12;26;1
-29;12;26;1
-29;12;26;1
-29;12;26;1
-29;12;26;1
-29;12;26;1
-19;-20;18;1
-23;8;30;1
-23;8;30;1
-24;9;16;1
-11;-8;23;1
-11;-8;23;1
-11;-8;23;1
-11;-8;23;1
-11;-8;23;1
-11;-8;23;1
-11;-8;23;1
-11;-8;23;1
-11;-8;23;1
-11;-8;23;1
-11;-8;23;1
-11;-8;23;1
-16;-16;32;1
-27;-7;23;1
-30;12;28;1
-30;12;28;1
-30;12;28;1
-30;12;28;1
-17;-20;30;1
-20;3;20;1
-20;3;20;1
-20;3;20;1
-20;3;20;1
-13;5;31;1
-27;-11;12;1
-35;4;11;1
-35;-16;14;1
-35;-16;14;1
-35;-16;14;1
-35;-16;14;1
-35;-16;14;1
-24;16;32;1
-19;1;36;1
-17;25;25;1
-17;25;25;1
-10;15;27;1
-10;15;27;1
-16;22;16;1
-16;22;16;1
-16;22;16;1
-16;22;16;1
-18;6;32;1
-29;-8;18;1
-20;-30;14;1
-20;-30;14;1
-20;-30;14;1
-19;12;26;1
-19;12;26;1
-27;27;18;1
-27;27;18;1
-27;27;18;1
-27;27;18;1
-26;1;20;1
-26;1;20;1
-26;1;20;1
-26;1;20;1
-26;1;20;1
-26;4;11;1
-26;4;11;1
-26;4;11;1
-19;-13;27;1
-26;30;14;1
-27;-9;22;1
-27;-9;22;1
-21;-19;30;1
-10;-13;22;1
-28;24;18;1
-28;24;18;1
-28;24;18;1
-26;-9;23;1
-26;-9;23;1
-26;-9;23;1
-9;-13;26;1
-9;-13;26;1
-19;-1;37;1
-16;-26;27;1
-16;-26;27;1
-16;-26;27;1
-16;-26;27;1
-16;-26;27;1
-25;20;30;1
-25;20;30;1
-32;11;10;1
-32;11;10;1
-32;11;10;1
-19;-5;35;1
-19;-5;35;1
-19;-5;35;1
-19;-5;35;1
-19;-5;35;1
-19;-5;35;1
-19;-5;35;1
-30;19;17;1
-30;19;17;1
-31;10;13;1
-31;10;13;1
-15;23;25;1
-15;23;25;1
-15;23;25;1
-15;23;25;1
-15;23;25;1
-15;23;25;1
-15;23;25;1
-15;23;25;1
-15;23;25;1
-15;23;25;1
-15;23;25;1
-15;23;25;1
-15;23;25;1
-15;23;25;1
-15;23;25;1
-15;23;25;1
-15;23;25;1
-15;23;25;1
-15;23;25;1
-17;24;31;1
-28;5;8;1
-16;-2;40;1
-16;-2;40;1
-24;3;32;1
-21;17;27;1
-21;17;27;1
-21;17;27;1
-21;17;19;1
-21;17;19;1
-12;19;28;1
-14;1;33;1
-22;16;11;1
-22;16;11;1
-22;16;11;1
-22;16;11;1
-22;16;11;1
-22;16;11;1
-20;12;16;1
-34;-2;13;1
-34;-2;13;1
-34;-2;13;1
-15;-7;21;1
-15;-20;20;1
-32;9;18;1
-32;9;18;1
-21;-20;22;1
-17;5;20;1
-17;5;20;1
-17;5;20;1
-17;5;20;1
-17;5;20;1
-17;5;20;1
-17;5;20;1
-17;5;20;1
-17;5;20;1
-17;5;20;1
-17;5;20;1
-17;5;20;1
-17;5;20;1
-17;5;20;1
-17;5;20;1
-17;5;20;1
-31;-3;14;1
-31;-3;14;1
-23;7;21;1
-23;7;21;1
-23;7;21;1
-19;-22;23;1
-14;20;13;1
-14;20;13;1
-14;20;13;1
-14;20;13;1
-14;20;13;1
-14;20;13;1
-14;20;13;1
-29;-6;17;1
-29;-6;17;1
-12;-15;32;1
-12;-15;32;1
-33;-2;18;1
-33;-2;18;1
-33;-2;18;1
-13;-21;14;1
-18;22;22;1
-18;22;22;1
-18;22;22;1
-14;-23;14;1
-28;-28;12;1
-24;5;23;1
-24;5;23;1
-24;5;23;1
-24;5;23;1
-24;5;23;1
-24;5;23;1
-24;5;23;1
-27;20;16;1
-27;20;16;1
-27;20;16;1
-27;20;16;1
-27;20;16;1
-27;20;16;1
-26;-3;11;1
-22;21;11;1
-26;3;16;1
-26;3;16;1
-26;3;16;1
-26;3;16;1
-17;7;27;1
-26;-12;15;1
-26;-12;15;1
-23;3;19;1
-23;3;19;1
-27;26;18;1
-27;26;18;1
-27;26;18;1
-10;-12;23;1
-10;-12;23;1
-10;-12;23;1
-10;-12;23;1
-17;8;28;1
-27;5;21;1
-15;-21;24;1
-15;-21;24;1
-15;-21;24;1
-15;-21;24;1
-15;-21;24;1
-21;-8;38;1
-24;-33;15;1
-24;-33;15;1
-24;-33;15;1
-34;-17;13;1
-34;-17;13;1
-34;-17;13;1
-34;-17;13;1
-13;11;30;1
-13;11;30;1
-13;11;30;1
-32;1;27;1
-19;23;17;1
-19;23;17;1
-19;23;17;1
-33;-16;10;1
-18;18;21;1
-26;-3;28;1
-18;22;21;1
-18;22;21;1
-29;-3;25;1
-29;-3;25;1
-29;-3;25;1
-29;-3;25;1
-29;-3;25;1
-29;-3;25;1
-29;-3;25;1
-29;-3;25;1
-29;-3;25;1
-29;-3;25;1
-29;-3;25;1
-29;-3;25;1
-28;2;23;1
-28;2;23;1
-34;5;20;1
-31;6;15;1
-35;11;13;1
-35;11;13;1
-35;11;13;1
-25;26;18;1
-16;-18;30;1
-16;-18;30;1
-16;-18;30;1
-35;-1;17;1
-35;-1;17;1
-16;6;37;1
-16;6;37;1
-25;6;8;1
-19;6;30;1
-19;6;30;1
-15;-24;23;1
-27;5;16;1
-27;5;16;1
-27;5;16;1
-31;-4;14;1
-31;-4;14;1
-31;-4;14;1
-31;-4;14;1
-31;-4;14;1
-31;-4;14;1
-31;-4;14;1
-31;-4;14;1
-31;-4;14;1
-20;24;9;1
-18;-20;23;1
-18;-20;23;1
-22;25;10;1
-18;4;27;1
-18;4;27;1
-18;4;27;1
-24;9;23;1
-24;9;23;1
-34;-1;22;1
-18;-11;24;1
-18;-11;24;1
-18;-11;24;1
-18;-11;24;1
-18;-11;24;1
-31;-7;15;1
-18;-4;36;1
-18;-4;36;1
-18;-4;36;1
-18;-4;36;1
-42;4;12;1
-42;4;12;1
-20;-8;23;1
-21;19;9;1
-21;19;9;1
-21;19;9;1
-21;19;9;1
-16;16;33;1
-16;16;33;1
-16;16;33;1
-17;7;29;1
-17;7;29;1
-17;7;29;1
-17;7;29;1
-17;7;29;1
-17;7;29;1
-26;-6;27;1
-26;-6;27;1
-17;-11;23;1
-17;-11;23;1
-19;-21;11;1
-19;-21;11;1
-33;-6;21;1
-32;8;12;1
-32;8;12;1
-16;-19;28;1
-16;-19;28;1
-16;-19;28;1
-16;-19;28;1
-16;-19;28;1
-16;-19;28;1
-33;-6;20;1
-33;-6;20;1
-26;27;19;1
-26;27;19;1
-26;27;19;1
-13;15;19;1
-34;17;17;1
-34;17;17;1
-34;17;17;1
-34;17;17;1
-35;18;13;1
-35;18;13;1
-35;18;13;1
-24;4;12;1
-24;4;12;1
-21;1;18;1
-9;11;25;1
-23;4;23;1
-22;-33;17;1
-24;16;11;1
-24;16;11;1
-24;16;11;1
-24;16;11;1
-10;-17;23;1
-21;-3;35;1
-21;-3;35;1
-27;-16;29;1
-31;11;9;1
-31;11;9;1
-31;11;9;1
-31;11;9;1
-31;11;9;1
-16;-2;23;1
-16;-2;23;1
-16;-2;23;1
-29;-16;20;1
-29;-16;20;1
-18;29;26;1
-18;29;26;1
-13;-21;25;1
-13;-21;25;1
-13;-21;25;1
-13;-21;25;1
-13;-21;25;1
-13;-21;25;1
-13;-21;25;1
-21;-12;26;1
-21;-12;26;1
-21;-12;26;1
-21;-12;26;1
-21;-12;26;1
-36;12;11;1
-36;12;11;1
-36;12;11;1
-36;12;11;1
-36;12;11;1
-36;12;11;1
-36;12;11;1
-36;12;11;1
-36;12;11;1
-36;12;11;1
-36;12;11;1
-22;-20;31;1
-22;-20;31;1
-18;21;11;1
-18;21;11;1
-18;21;11;1
-18;21;11;1
-18;21;11;1
-18;21;11;1
-18;21;11;1
-18;21;11;1
-18;21;11;1
-18;21;11;1
-18;21;11;1
-28;-25;20;1
-28;-25;20;1
-32;-8;23;1
-32;-8;23;1
-32;-8;23;1
-32;-8;23;1
-17;-12;24;1
-17;-12;24;1
-17;-12;24;1
-17;-12;24;1
-18;-31;13;1
-18;-31;13;1
-18;-31;13;1
-18;-31;13;1
-18;-31;13;1
-18;-31;13;1
-18;-31;13;1
-14;16;28;1
-14;16;28;1
-14;16;28;1
-14;16;28;1
-14;16;28;1
-14;16;28;1
-14;16;28;1
-14;16;28;1
-14;16;28;1
-14;16;28;1
-20;2;35;1
-20;2;35;1
-20;2;35;1
-38;11;12;1
-32;10;23;1
-32;10;23;1
-33;0;26;1
-33;0;26;1
-15;-18;27;1
-15;-18;27;1
-15;-18;27;1
-32;-9;11;1
-32;-9;11;1
-13;22;17;1
-15;10;21;1
-15;10;21;1
-15;10;21;1
-15;10;21;1
-15;10;21;1
-15;10;21;1
-15;10;21;1
-15;10;21;1
-15;10;21;1
-15;10;21;1
-15;10;21;1
-26;-16;27;1
-26;-16;27;1
-26;-16;27;1
-26;-16;27;1
-26;-16;27;1
-26;-16;27;1
-22;10;16;1
-16;27;17;1
-33;-7;15;1
-11;-5;27;1
-11;-5;27;1
-11;-5;27;1
-16;4;30;1
-28;-27;19;1
-28;-27;19;1
-26;22;26;1
-26;22;26;1
-17;29;25;1
-17;29;25;1
-17;29;25;1
-17;29;25;1
-17;29;25;1
-17;29;25;1
-17;29;25;1
-31;4;23;1
-31;4;23;1
-31;4;23;1
-11;-14;26;1
-35;-17;13;1
-35;-17;13;1
-35;-17;13;1
-35;-17;13;1
-35;-17;13;1
-35;-17;13;1
-37;-7;22;1
-23;-27;12;1
-23;-27;12;1
-23;-27;12;1
-23;-27;12;1
-23;-27;12;1
-23;-27;12;1
-23;-27;12;1
-29;15;13;1
-32;5;26;1
-22;-5;36;1
-22;-5;36;1
-22;-5;36;1
-22;-5;36;1
-22;-5;36;1
-18;-26;25;1
-18;-26;25;1
-18;-26;25;1
-18;-26;25;1
-18;-26;25;1
-18;-26;25;1
-18;-26;25;1
-31;1;27;1
-31;1;27;1
-31;1;27;1
-26;8;28;1
-26;8;28;1
-26;8;28;1
-18;9;23;1
-18;9;23;1
-18;9;23;1
-18;9;23;1
-18;9;23;1
-18;9;23;1
-18;9;23;1
-18;9;23;1
-24;-3;28;1
-24;-3;28;1
-27;-2;23;1
-21;-19;31;1
-21;-19;31;1
-21;-19;31;1
-21;-19;31;1
-21;-19;31;1
-40;2;17;1
-26;10;19;1
-26;10;19;1
-26;10;19;1
-26;-18;21;1
-26;-18;21;1
-18;17;22;1
-18;17;22;1
-18;17;22;1
-32;-4;12;1
-32;-4;12;1
-14;-18;15;1
-14;-18;15;1
-36;11;21;1
-36;11;21;1
-35;-20;12;1
-35;-20;12;1
-35;-20;12;1
-35;-20;12;1
-33;-2;17;1
-33;-2;17;1
-33;-2;17;1
-12;19;30;1
-12;19;30;1
-20;22;28;1
-20;22;28;1
-20;22;28;1
-20;22;28;1
-20;22;28;1
-19;8;23;1
-19;8;23;1
-19;8;23;1
-19;8;23;1
-19;8;23;1
-19;8;23;1
-19;8;23;1
-19;8;23;1
-19;8;23;1
-19;8;23;1
-19;8;23;1
-19;8;23;1
-19;8;23;1
-19;8;23;1
-19;8;23;1
-19;8;23;1
-35;10;14;1
-35;10;14;1
-35;10;14;1
-35;10;14;1
-35;10;14;1
-35;10;14;1
-35;10;14;1
-35;10;14;1
-23;1;19;1
-23;1;19;1
-23;1;19;1
-23;1;19;1
-23;1;19;1
-23;1;19;1
-23;1;19;1
-23;1;19;1
-23;1;19;1
-21;-4;17;1
-14;5;31;1
-14;5;31;1
-35;0;21;1
-26;12;9;1
-20;-7;28;1
-20;-7;28;1
-24;-22;21;1
-12;16;28;1
-30;-12;23;1
-30;-12;23;1
-18;25;11;1
-17;17;12;1
-17;17;12;1
-17;17;12;1
-17;17;12;1
-27;15;15;1
-27;15;15;1
-29;-16;22;1
-29;-16;22;1
-29;-16;22;1
-29;3;26;1
-29;3;26;1
-29;3;26;1
-29;3;26;1
-29;3;26;1
-29;3;26;1
-29;3;26;1
-24;1;25;1
-24;1;25;1
-17;-26;23;1
-17;-26;23;1
-17;-26;23;1
-17;-26;23;1
-17;-26;23;1
-17;-26;23;1
-17;-26;23;1
-17;-26;23;1
-17;-26;23;1
-17;-26;23;1
-17;-26;23;1
-17;-26;23;1
-17;-26;23;1
-17;-26;23;1
-17;-26;23;1
-17;-26;23;1
-17;-26;23;1
-17;-26;23;1
-17;-26;23;1
-17;-26;23;1
-17;-26;23;1
-17;-26;23;1
-17;-26;23;1
-15;-24;25;1
-15;-24;25;1
-15;-24;25;1
-28;21;25;1
-13;-7;24;1
-30;20;21;1
-30;20;21;1
-33;-10;17;1
-33;-10;17;1
-33;-10;17;1
-10;17;26;1
-10;17;26;1
-10;17;26;1
-10;17;26;1
-10;17;26;1
-10;17;26;1
-10;17;26;1
-10;17;26;1
-10;17;26;1
-26;-10;28;1
-16;-21;28;1
-16;-21;28;1
-16;-21;28;1
-20;-7;23;1
-20;-7;23;1
-20;-7;23;1
-20;-7;23;1
-20;-7;23;1
-20;-7;23;1
-20;-7;23;1
-24;-19;14;1
-21;-11;19;1
-21;-11;19;1
-21;-11;19;1
-21;-11;19;1
-21;-11;19;1
-21;-11;19;1
-21;-11;19;1
-21;-11;19;1
-21;-11;19;1
-21;-11;19;1
-21;-11;19;1
-21;-11;19;1
-21;-11;19;1
-15;25;32;1
-15;25;32;1
-15;25;32;1
-15;25;32;1
-17;-12;23;1
-17;-12;23;1
-17;-12;23;1
-17;-12;23;1
-34;-8;16;1
-34;-8;16;1
-22;-2;19;1
-22;-2;19;1
-22;-2;19;1
-22;-2;19;1
-22;-2;19;1
-22;-2;19;1
-22;-2;19;1
-25;-3;30;1
-18;23;22;1
-25;-16;31;1
-25;-16;31;1
-25;-16;31;1
-25;-16;31;1
-25;-16;31;1
-25;-5;35;1
-22;15;22;1
-22;15;22;1
-22;15;22;1
-26;1;30;1
-26;1;30;1
-31;20;14;1
-17;8;29;1
-17;8;29;1
-19;-23;18;1
-20;-29;19;1
-20;-29;19;1
-20;-29;19;1
-20;-29;19;1
-20;-29;19;1
-18;10;25;1
-23;21;29;1
-23;21;29;1
-23;21;29;1
-23;21;29;1
-27;2;29;1
-27;2;29;1
-27;2;29;1
-31;11;13;1
-31;11;13;1
-31;11;13;1
-18;-9;18;1
-17;-22;23;1
-17;-22;23;1
-28;-3;32;1
-15;5;27;1
-31;-16;25;1
-31;-16;25;1
-15;15;35;1
-15;15;35;1
-21;-20;23;1
-21;-20;23;1
-21;-20;23;1
-21;-20;23;1
-21;-20;23;1
-21;-20;23;1
-21;-20;23;1
-21;-20;23;1
-21;-20;23;1
-21;-20;23;1
-21;-20;23;1
-18;21;22;1
-18;21;22;1
-37;-3;17;1
-37;-3;17;1
-37;-3;17;1
-37;-3;17;1
-37;-3;17;1
-18;-7;28;1
-18;-7;28;1
-18;-7;28;1
-23;17;17;1
-23;17;17;1
-23;17;17;1
-13;-16;22;1
-19;-17;11;1
-19;-17;11;1
-19;-17;11;1
-19;-17;11;1
-19;-17;11;1
-19;-17;11;1
-19;-17;11;1
-19;-17;11;1
-19;-17;11;1
-19;-17;11;1
-19;-17;11;1
-19;-17;11;1
-19;-17;11;1
-19;-17;11;1
-19;-17;11;1
-19;-17;11;1
-19;-17;11;1
-19;-17;11;1
-16;-14;23;1
-28;17;25;1
-24;5;12;1
-24;5;12;1
-24;5;12;1
-24;5;12;1
-24;5;12;1
-24;5;12;1
-24;5;12;1
-24;5;12;1
-24;5;12;1
-24;5;12;1
-8;12;24;1
-8;12;24;1
-8;12;24;1
-24;-15;13;1
-24;-15;13;1
-24;-15;13;1
-24;-15;13;1
-24;-15;13;1
-24;-15;13;1
-24;-15;13;1
-24;-15;13;1
-24;-15;13;1
-24;-15;13;1
-24;-15;13;1
-24;-15;13;1
-24;-15;13;1
-24;-15;13;1
-24;-15;13;1
-24;-15;13;1
-24;-15;13;1
-24;-15;13;1
-13;-16;17;1
-13;-16;17;1
-13;-16;17;1
-13;-16;17;1
-13;-16;17;1
-13;-9;28;1
-25;14;9;1
-25;14;9;1
-30;-8;27;1
-30;-8;27;1
-30;-8;27;1
-30;-8;27;1
-30;-8;27;1
-30;-8;27;1
-26;21;18;1
-15;19;21;1
-35;6;17;1
-35;6;17;1
-35;6;17;1
-35;6;17;1
-35;6;17;1
-35;6;17;1
-35;6;17;1
-35;6;17;1
-12;20;28;1
-12;20;28;1
-33;5;15;1
-33;5;15;1
-33;5;15;1
-25;-11;13;1
-15;15;28;1
-15;15;28;1
-15;15;28;1
-15;15;28;1
-15;15;28;1
-15;15;28;1
-15;15;28;1
-15;15;28;1
-15;15;28;1
-15;15;28;1
-15;15;28;1
-15;15;28;1
-24;10;33;1
-20;0;18;1
-20;0;18;1
-20;0;18;1
-33;-10;20;1
-33;-10;20;1
-21;13;29;1
-21;13;29;1
-21;13;29;1
-32;-18;19;1
-32;-18;19;1
-32;-18;19;1
-32;-18;19;1
-32;-18;19;1
-32;-18;19;1
-32;-18;19;1
-32;-18;19;1
-18;-12;38;1
-18;-12;38;1
-21;-20;12;1
-21;-20;12;1
-21;-20;12;1
-21;-20;12;1
-37;14;13;1
-37;14;13;1
-20;-30;23;1
-20;-30;23;1
-33;8;20;1
-15;4;27;1
-15;4;27;1
-15;4;27;1
-16;3;39;1
-28;17;22;1
-15;-11;33;1
-15;-11;33;1
-28;2;24;1
-28;2;24;1
-27;24;19;1
-27;24;19;1
-27;24;19;1
-27;24;19;1
-34;-12;14;1
-28;-25;11;1
-28;-25;11;1
-29;-25;17;1
-29;-25;17;1
-29;-25;17;1
-29;-25;17;1
-29;-25;17;1
-32;-3;14;1
-32;-3;14;1
-32;-3;14;1
-32;-3;14;1
-19;-30;18;1
-19;-30;18;1
-31;-12;22;1
-31;-12;22;1
-23;23;9;1
-17;28;10;1
-17;28;10;1
-26;-11;13;1
-19;-30;12;1
-19;-30;12;1
-29;-21;24;1
-29;-21;24;1
-29;-21;24;1
-29;-21;24;1
-29;-21;24;1
-29;-21;24;1
-29;-21;24;1
-23;-13;34;1
-21;-26;23;1
-37;-9;19;1
-12;-11;29;1
-15;18;32;1
-26;0;22;1
-26;0;22;1
-26;0;22;1
-26;0;22;1
-26;0;22;1
-26;0;22;1
-15;-13;35;1
-15;-13;35;1
-15;-13;35;1
-15;-13;35;1
-15;-13;35;1
-17;-20;23;1
-17;-20;23;1
-17;-20;23;1
-17;-17;12;1
-19;6;31;1
-19;6;31;1
-19;6;31;1
-39;12;14;1
-39;12;14;1
-24;19;16;1
-21;9;32;1
-21;9;32;1
-21;9;32;1
-15;-21;18;1
-15;-21;18;1
-15;-21;18;1
-15;-21;18;1
-15;-21;18;1
-36;11;11;1
-36;11;11;1
-13;5;29;1
-13;5;29;1
-13;5;29;1
-13;5;29;1
-13;5;29;1
-35;-6;17;1
-24;18;16;1
-24;18;16;1
-24;18;16;1
-24;18;16;1
-21;21;31;1
-21;21;31;1
-21;21;31;1
-32;-9;23;1
-32;-9;23;1
-32;-9;23;1
-32;-9;23;1
-32;-9;23;1
-32;-9;23;1
-32;-9;23;1
-32;-9;23;1
-32;-9;23;1
-32;-9;23;1
-32;-9;23;1
-18;-22;12;1
-18;-22;12;1
-18;-22;12;1
-29;24;16;1
-15;16;30;1
-15;16;30;1
-15;16;30;1
-21;-7;15;1
-34;-3;18;1
-34;-3;18;1
-34;-3;18;1
-34;-3;18;1
-34;-3;18;1
-34;-3;18;1
-34;-3;18;1
-34;-3;18;1
-34;-3;18;1
-34;-3;18;1
-34;-3;18;1
-35;-12;23;1
-23;7;30;1
-23;7;30;1
-23;7;30;1
-23;7;30;1
-13;-18;22;1
-23;-5;33;1
-26;7;28;1
-26;7;28;1
-26;7;28;1
-26;7;28;1
-26;7;28;1
-26;7;28;1
-26;7;28;1
-26;7;28;1
-26;7;28;1
-26;7;28;1
-33;6;10;1
-33;6;10;1
-33;6;10;1
-33;6;10;1
-34;11;22;1
-27;20;23;1
-27;20;23;1
-27;20;23;1
-27;20;23;1
-32;-18;21;1
-32;-18;21;1
-32;-18;21;1
-24;-33;14;1
-24;-33;14;1
-19;15;17;1
-19;15;17;1
-19;15;17;1
-19;15;17;1
-19;15;17;1
-24;4;25;1
-24;4;25;1
-24;4;25;1
-22;-24;24;1
-25;-11;32;1
-25;-11;32;1
-25;-11;32;1
-25;-11;32;1
-25;-11;32;1
-24;-26;16;1
-24;-26;16;1
-24;-26;16;1
-24;-26;16;1
-24;-26;16;1
-24;-26;16;1
-24;-26;16;1
-24;-26;16;1
-27;-3;23;1
-27;-3;23;1
-27;-3;23;1
-27;-3;23;1
-27;-3;23;1
-27;-3;23;1
-27;-3;23;1
-27;-3;23;1
-27;-3;23;1
-34;-10;15;1
-34;-10;15;1
-17;-11;24;1
-22;19;32;1
-27;-8;18;1
-18;16;30;1
-18;16;30;1
-18;16;30;1
-18;16;30;1
-18;16;30;1
-18;16;30;1
-22;-6;36;1
-22;-6;36;1
-22;-6;36;1
-22;-6;36;1
-22;-6;36;1
-22;-3;15;1
-22;-3;15;1
-19;11;16;1
-19;11;16;1
-19;11;16;1
-19;11;16;1
-19;11;16;1
-19;11;16;1
-16;12;31;1
-22;-10;16;1
-22;-10;16;1
-12;8;32;1
-12;8;32;1
-12;8;32;1
-23;-19;11;1
-23;-19;11;1
-23;-19;11;1
-23;-19;11;1
-23;-19;11;1
-24;12;15;1
-24;12;15;1
-24;12;15;1
-34;-15;12;1
-34;-15;12;1
-34;-15;12;1
-9;7;27;1
-30;23;17;1
-30;23;17;1
-30;23;17;1
-30;23;17;1
-30;23;17;1
-30;23;17;1
-30;23;17;1
-30;23;17;1
-30;23;17;1
-34;-16;11;1
-34;-16;11;1
-34;-16;11;1
-34;-16;11;1
-34;-20;17;1
-34;-20;17;1
-37;-13;16;1
-37;-13;16;1
-37;-13;16;1
-37;-13;16;1
-26;-14;18;1
-31;-5;14;1
-31;-5;14;1
-31;-5;14;1
-31;-5;14;1
-31;-5;14;1
-31;-5;14;1
-21;22;15;1
-21;22;15;1
-21;22;15;1
-21;22;15;1
-21;22;15;1
-23;7;28;1
-24;-25;14;1
-24;-25;14;1
-24;-25;14;1
-24;-25;14;1
-24;-25;14;1
-24;-25;14;1
-24;-25;14;1
-24;-25;14;1
-24;-25;14;1
-24;-25;14;1
-26;9;20;1
-26;9;20;1
-25;18;20;1
-25;18;20;1
-25;18;20;1
-25;18;20;1
-25;18;20;1
-25;18;20;1
-34;7;18;1
-34;7;18;1
-34;7;18;1
-34;7;18;1
-34;7;18;1
-34;7;18;1
-34;7;18;1
-30;12;13;1
-13;15;27;1
-13;15;27;1
-25;5;18;1
-39;3;13;1
-39;3;13;1
-39;3;13;1
-39;3;13;1
-33;1;13;1
-33;1;13;1
-33;1;13;1
-33;1;13;1
-33;1;13;1
-33;1;13;1
-33;1;13;1
-24;0;18;1
-23;-22;26;1
-23;-22;26;1
-23;-22;26;1
-13;1;30;1
-13;1;30;1
-13;1;30;1
-14;3;28;1
-14;3;28;1
-14;3;28;1
-14;3;28;1
-14;3;28;1
-17;-28;26;1
-17;-28;26;1
-21;-8;18;1
-21;-8;18;1
-21;-8;18;1
-27;-10;31;1
-25;27;16;1
-25;27;16;1
-25;27;16;1
-25;27;16;1
-12;-12;23;1
-29;-28;11;1
-29;-28;11;1
-29;-28;11;1
-29;-28;11;1
-15;-4;22;1
-28;-2;18;1
-28;-2;18;1
-28;-2;18;1
-28;22;24;1
-28;22;24;1
-28;19;18;1
-20;-25;27;1
-23;-22;29;1
-23;-22;29;1
-23;-22;29;1
-19;7;34;1
-23;17;23;1
-23;17;23;1
-23;17;23;1
-23;17;23;1
-23;17;23;1
-26;-7;8;1
-26;-7;8;1
-26;-7;8;1
-26;-7;8;1
-20;11;31;1
-15;-9;30;1
-15;-9;30;1
-15;-9;30;1
-15;-9;30;1
-15;4;26;1
-15;4;26;1
-15;4;26;1
-15;4;26;1
-15;4;26;1
-15;4;26;1
-31;-22;20;1
-31;8;15;1
-17;-17;29;1
-17;-17;29;1
-24;-5;26;1
-31;-13;13;1
-21;-11;26;1
-16;-5;29;1
-20;-13;17;1
-20;-13;17;1
-22;-5;15;1
-22;-5;15;1
-28;-13;22;1
-28;-13;22;1
-28;-13;22;1
-28;-13;22;1
-28;-13;22;1
-28;-13;22;1
-16;-21;13;1
-16;-21;13;1
-16;-21;13;1
-16;10;25;1
-16;10;25;1
-32;-2;26;1
-23;10;12;1
-23;10;12;1
-23;10;12;1
-23;10;12;1
-27;6;15;1
-27;6;15;1
-20;12;25;1
-20;12;25;1
-20;12;25;1
-30;26;13;1
-30;26;13;1
-28;22;25;1
-28;22;25;1
-18;-9;25;1
-23;10;14;1
-23;10;14;1
-23;10;14;1
-23;10;14;1
-23;10;14;1
-21;4;30;1
-21;4;30;1
-21;4;30;1
-16;-20;14;1
-16;-20;14;1
-30;-12;21;1
-30;-12;21;1
-22;18;17;1
-26;-6;22;1
-26;-6;22;1
-27;24;10;1
-27;24;10;1
-16;3;27;1
-13;-12;34;1
-11;-15;23;1
-11;-15;23;1
-11;-15;23;1
-11;-15;23;1
-11;-15;23;1
-11;-15;23;1
-23;-17;14;1
-23;-17;14;1
-23;-17;14;1
-22;-10;21;1
-19;-15;17;1
-19;-15;17;1
-35;-10;20;1
-35;-10;20;1
-35;-10;20;1
-35;-10;20;1
-35;-10;20;1
-35;-10;20;1
-35;-10;20;1
-16;-18;36;1
-18;17;12;1
-18;17;12;1
-18;17;12;1
-12;-14;30;1
-12;-14;30;1
-12;-14;30;1
-12;-14;30;1
-12;-14;30;1
-12;-14;30;1
-12;-14;30;1
-12;-14;30;1
-12;-14;30;1
-12;-14;30;1
-12;-14;30;1
-12;-14;30;1
-12;-14;30;1
-26;-5;25;1
-26;-5;25;1
-17;9;23;1
-17;9;23;1
-17;9;23;1
-17;9;23;1
-17;9;23;1
-17;9;23;1
-17;9;23;1
-17;9;23;1
-17;9;23;1
-17;9;23;1
-17;9;23;1
-17;9;23;1
-17;9;23;1
-17;9;23;1
-17;9;23;1
-17;9;23;1
-17;9;23;1
-17;9;23;1
-17;9;23;1
-17;9;23;1
-17;9;23;1
-17;9;23;1
-17;9;23;1
-31;25;17;1
-31;25;17;1
-31;25;17;1
-23;12;25;1
-23;12;25;1
-23;12;25;1
-23;12;25;1
-26;14;8;1
-23;1;36;1
-23;1;36;1
-25;13;23;1
-25;13;23;1
-24;-29;15;1
-24;-29;15;1
-24;-29;15;1
-24;-29;15;1
-17;16;30;1
-17;16;30;1
-17;16;30;1
-17;16;30;1
-17;16;30;1
-17;16;30;1
-17;16;30;1
-17;16;30;1
-17;16;30;1
-17;16;30;1
-17;16;30;1
-17;16;30;1
-17;16;30;1
-17;16;30;1
-17;16;30;1
-17;16;30;1
-17;16;30;1
-17;16;30;1
-17;16;30;1
-28;6;16;1
-37;-6;23;1
-33;9;13;1
-24;25;10;1
-24;25;10;1
-28;27;19;1
-28;27;19;1
-28;27;19;1
-12;12;32;1
-12;12;32;1
-15;7;21;1
-28;-2;11;1
-28;-2;11;1
-28;-2;11;1
-28;-2;11;1
-28;-2;11;1
-28;-2;11;1
-28;-2;11;1
-28;-2;11;1
-19;10;26;1
-17;5;21;1
-17;5;21;1
-17;5;21;1
-22;22;11;1
-24;-15;14;1
-24;-15;14;1
-25;-8;28;1
-25;-8;28;1
-33;10;18;1
-33;10;18;1
-33;10;18;1
-24;2;13;1
-40;-7;14;1
-40;-7;14;1
-40;-7;14;1
-40;-7;14;1
-40;-7;14;1
-40;-7;14;1
-40;-7;14;1
-40;-7;14;1
-40;-7;14;1
-40;-7;14;1
-40;-7;14;1
-40;-7;14;1
-40;-7;14;1
-40;-7;14;1
-40;-7;14;1
-40;-7;14;1
-40;-7;14;1
-40;-7;14;1
-40;-7;14;1
-40;-7;14;1
-40;-7;14;1
-15;11;21;1
-28;-24;12;1
-28;11;15;1
-31;-1;21;1
-33;-5;28;1
-24;7;19;1
-24;7;19;1
-25;-2;17;1
-25;-2;17;1
-40;10;12;1
-40;10;12;1
-40;10;12;1
-40;10;12;1
-40;10;12;1
-40;10;12;1
-21;-8;17;1
-21;-8;17;1
-21;-8;17;1
-21;-8;17;1
-21;-8;17;1
-21;-8;17;1
-21;-8;17;1
-21;-8;17;1
-21;-8;17;1
-21;-8;17;1
-20;30;10;1
-37;-5;16;1
-34;11;25;1
-38;-3;13;1
-38;-3;13;1
-38;-3;13;1
-38;-3;13;1
-38;-3;13;1
-38;-3;13;1
-38;-3;13;1
-38;-3;13;1
-38;-3;13;1
-38;-3;13;1
-38;-3;13;1
-22;8;16;1
-22;8;16;1
-33;17;22;1
-33;17;22;1
-33;17;22;1
-33;17;22;1
-31;-26;14;1
-31;-26;14;1
-31;-26;14;1
-31;-26;14;1
-31;-26;14;1
-31;-26;14;1
-31;-26;14;1
-31;-26;14;1
-31;-26;14;1
-13;12;31;1
-13;12;31;1
-24;-9;10;1
-15;-25;13;1
-16;-8;28;1
-16;-8;28;1
-16;-8;28;1
-16;-8;28;1
-16;-8;28;1
-26;-11;33;1
-18;13;30;1
-18;13;30;1
-28;-13;10;1
-28;-13;10;1
-27;-13;17;1
-24;-27;16;1
-18;7;21;1
-18;7;21;1
-18;7;21;1
-18;7;21;1
-18;7;21;1
-27;18;18;1
-27;18;18;1
-17;-23;23;1
-17;-23;23;1
-17;-23;23;1
-37;-6;18;1
-37;-6;18;1
-37;-6;18;1
-31;-1;26;1
-25;-20;21;1
-25;-20;21;1
-25;-20;21;1
-29;18;13;1
-29;18;13;1
-29;18;13;1
-29;18;13;1
-29;18;13;1
-29;18;13;1
-20;17;20;1
-19;-16;34;1
-19;-16;34;1
-19;-16;34;1
-19;-16;34;1
-19;-16;34;1
-19;-16;34;1
-31;24;16;1
-31;24;16;1
-34;-10;16;1
-22;-8;29;1
-22;-8;29;1
-22;-8;29;1
-17;-22;24;1
-20;3;19;1
-11;9;24;1
-11;9;24;1
-11;9;24;1
-11;9;24;1
-11;9;24;1
-11;9;24;1
-18;24;12;1
-18;24;12;1
-18;24;12;1
-18;24;12;1
-18;24;12;1
-18;24;12;1
-18;24;12;1
-18;24;12;1
-18;24;12;1
-18;24;12;1
-18;24;12;1
-20;-5;31;1
-20;-5;31;1
-20;-5;31;1
-20;-5;31;1
-22;-11;16;1
-22;-11;16;1
-22;-11;16;1
-22;-11;16;1
-23;-12;11;1
-32;-11;21;1
-32;-11;21;1
-32;-11;21;1
-32;-11;21;1
-32;-11;21;1
-20;17;19;1
-19;11;32;1
-19;11;32;1
-19;11;32;1
-30;1;31;1
-30;1;31;1
-30;1;31;1
-32;-5;29;1
-32;-5;29;1
-32;-5;29;1
-32;-5;29;1
-32;-5;29;1
-32;-5;29;1
-32;-5;29;1
-32;-5;29;1
-32;-5;29;1
-32;-5;29;1
-34;-8;24;1
-34;-8;24;1
-34;-8;24;1
-34;-8;24;1
-26;13;11;1
-34;-12;11;1
-37;-12;19;1
-37;-12;19;1
-37;-12;19;1
-37;-12;19;1
-37;-12;19;1
-37;-12;19;1
-37;-12;19;1
-37;-12;19;1
-37;-12;19;1
-37;-12;19;1
-37;-12;19;1
-37;-12;19;1
-12;-14;31;1
-12;-14;31;1
-12;-14;31;1
-12;-14;31;1
-12;-14;31;1
-12;-14;31;1
-22;5;26;1
-22;5;26;1
-22;5;26;1
-27;-16;28;1
-27;-16;28;1
-26;-29;14;1
-16;10;30;1
-16;10;30;1
-16;10;30;1
-16;10;30;1
-30;-6;29;1
-14;-4;25;1
-14;12;31;1
-14;12;31;1
-22;12;36;1
-10;-13;23;1
-10;-13;23;1
-10;-13;23;1
-10;-13;23;1
-10;-13;23;1
-10;-13;23;1
-10;-13;23;1
-26;-26;22;1
-31;12;12;1
-31;12;12;1
-31;12;12;1
-25;25;16;1
-25;25;16;1
-25;25;16;1
-25;25;16;1
-25;25;16;1
-23;25;26;1
-16;-9;38;1
-16;-9;38;1
-35;-1;23;1
-19;-22;9;1
-19;-22;9;1
-18;-11;37;1
-18;-11;37;1
-18;-11;37;1
-18;-11;37;1
-18;-11;37;1
-24;8;16;1
-13;21;24;1
-16;-6;26;1
-13;19;24;1
-13;19;24;1
-33;-6;16;1
-33;-6;16;1
-33;-6;16;1
-33;-6;16;1
-33;-6;16;1
-33;-6;16;1
-33;-6;16;1
-20;4;38;1
-22;19;18;1
-29;-10;15;1
-29;-10;15;1
-29;-10;15;1
-29;-10;15;1
-36;3;17;1
-36;3;17;1
-36;3;17;1
-36;3;17;1
-36;3;17;1
-16;-18;29;1
-16;-18;29;1
-16;-18;29;1
-27;19;15;1
-27;19;15;1
-27;19;15;1
-27;19;15;1
-39;5;17;1
-24;12;24;1
-14;-21;31;1
-14;-21;31;1
-14;-21;31;1
-14;-21;31;1
-14;-21;31;1
-14;-21;31;1
-14;-21;31;1
-14;-21;31;1
-14;-21;31;1
-14;-21;31;1
-34;-1;25;1
-18;-7;20;1
-22;-22;30;1
-22;-22;30;1
-26;18;19;1
-26;18;19;1
-26;18;19;1
-18;-7;30;1
-18;-7;30;1
-18;-7;30;1
-18;-7;30;1
-13;5;27;1
-13;5;27;1
-14;-16;27;1
-14;-16;27;1
-14;-16;27;1
-14;-16;27;1
-14;-16;27;1
-18;-22;11;1
-18;-22;11;1
-21;9;33;1
-14;22;26;1
-14;22;26;1
-15;3;36;1
-15;3;36;1
-15;3;36;1
-15;3;36;1
-15;3;36;1
-15;3;36;1
-15;3;36;1
-17;-11;34;1
-23;6;13;1
-23;6;13;1
-23;6;13;1
-23;6;13;1
-11;-11;26;1
-26;-9;18;1
-34;6;23;1
-34;-3;17;1
-34;-3;17;1
-34;-3;17;1
-34;-3;17;1
-34;-3;17;1
-34;-3;17;1
-34;-3;17;1
-34;-3;17;1
-34;-3;17;1
-34;-3;17;1
-34;-3;17;1
-34;-3;17;1
-34;-3;17;1
-34;-3;17;1
-34;-3;17;1
-34;-3;17;1
-22;-9;28;1
-22;-9;28;1
-22;-9;28;1
-22;-9;28;1
-22;-9;28;1
-22;-9;28;1
-22;-9;28;1
-22;-9;28;1
-20;-18;30;1
-20;-18;30;1
-35;2;24;1
-35;2;24;1
-20;13;29;1
-20;13;29;1
-20;13;29;1
-12;-11;26;1
-21;8;26;1
-21;8;26;1
-21;-11;28;1
-22;-5;31;1
-22;-5;31;1
-22;-5;31;1
-31;19;13;1
-17;17;18;1
-17;17;18;1
-17;17;18;1
-17;17;18;1
-17;-19;12;1
-33;16;15;1
-33;16;15;1
-35;11;10;1
-21;5;30;1
-21;5;30;1
-21;5;30;1
-19;8;37;1
-25;18;19;1
-25;18;19;1
-25;18;19;1
-25;18;19;1
-30;20;16;1
-30;20;16;1
-30;20;16;1
-30;20;16;1
-30;20;16;1
-30;20;16;1
-30;20;16;1
-35;5;14;1
-17;6;20;1
-17;6;20;1
-17;6;20;1
-17;6;20;1
-38;4;19;1
-38;4;19;1
-38;4;19;1
-38;4;19;1
-38;4;19;1
-38;4;19;1
-38;4;19;1
-38;4;19;1
-17;15;35;1
-17;8;37;1
-33;14;19;1
-37;-19;15;1
-27;25;12;1
-28;-12;14;1
-28;-12;14;1
-21;3;18;1
-21;3;18;1
-15;21;8;1
-32;-3;26;1
-19;-17;35;1
-19;-17;35;1
-19;-9;25;1
-17;12;26;1
-17;12;26;1
-17;12;26;1
-17;12;26;1
-23;22;22;1
-23;22;22;1
-23;22;22;1
-20;-18;22;1
-21;-5;25;1
-21;-5;25;1
-14;6;27;1
-14;6;27;1
-14;6;27;1
-14;6;27;1
-22;1;30;1
-22;1;30;1
-22;1;30;1
-22;1;30;1
-22;1;30;1
-22;1;30;1
-22;1;30;1
-22;1;30;1
-22;1;30;1
-22;1;30;1
-11;-10;23;1
-21;6;23;1
-21;6;23;1
-21;6;23;1
-19;25;19;1
-19;25;19;1
-24;9;24;1
-24;9;24;1
-24;6;25;1
-24;6;25;1
-25;4;28;1
-37;-1;11;1
-37;-1;11;1
-37;-1;11;1
-16;12;25;1
-16;12;25;1
-16;12;25;1
-16;12;25;1
-19;-30;19;1
-19;-30;19;1
-22;32;17;1
-22;32;17;1
-22;32;17;1
-28;-8;8;1
-27;18;15;1
-27;18;15;1
-27;18;15;1
-27;18;15;1
-27;18;15;1
-27;18;15;1
-27;18;15;1
-36;7;13;1
-25;-10;15;1
-23;7;13;1
-23;7;13;1
-23;7;13;1
-23;7;13;1
-23;7;13;1
-23;7;13;1
-23;7;13;1
-23;7;13;1
-23;7;13;1
-23;7;13;1
-29;-8;17;1
-34;4;16;1
-34;4;16;1
-34;4;16;1
-29;11;15;1
-29;11;15;1
-29;11;15;1
-33;-9;26;1
-33;-9;26;1
-33;-9;26;1
-33;-9;26;1
-33;-9;26;1
-33;-9;26;1
-33;-9;26;1
-24;-5;13;1
-24;-5;13;1
-24;-5;13;1
-30;13;13;1
-30;13;13;1
-25;14;26;1
-25;14;26;1
-25;14;26;1
-25;14;26;1
-27;9;18;1
-32;-4;13;1
-42;0;12;1
-42;0;12;1
-21;-20;10;1
-19;13;29;1
-16;8;20;1
-16;8;20;1
-24;-6;24;1
-24;-6;24;1
-24;-6;24;1
-17;23;17;1
-17;23;17;1
-17;23;17;1
-17;23;17;1
-17;23;17;1
-17;23;17;1
-17;-4;21;1
-17;-4;21;1
-17;-4;21;1
-26;31;12;1
-26;31;12;1
-26;31;12;1
-26;31;12;1
-26;31;12;1
-26;31;12;1
-26;31;12;1
-26;31;12;1
-26;31;12;1
-17;27;27;1
-17;27;27;1
-32;17;16;1
-32;17;16;1
-32;17;16;1
-16;-16;34;1
-27;10;23;1
-18;-15;16;1
-18;-15;16;1
-37;7;21;1
-37;7;21;1
-37;7;21;1
-37;7;21;1
-37;7;21;1
-26;-27;21;1
-26;-27;21;1
-26;-27;21;1
-26;-27;21;1
-26;-27;21;1
-26;-27;21;1
-26;-27;21;1
-26;-27;21;1
-26;-27;21;1
-26;-27;21;1
-26;-27;21;1
-29;6;8;1
-29;6;8;1
-24;6;17;1
-20;-20;13;1
-20;-20;13;1
-20;-20;13;1
-20;-20;13;1
-20;-20;13;1
-20;-20;13;1
-20;-20;13;1
-34;-11;12;1
-34;-11;12;1
-34;-11;12;1
-34;-11;12;1
-34;-11;12;1
-34;-11;12;1
-34;-11;12;1
-34;-11;12;1
-34;-11;12;1
-20;4;22;1
-23;-24;14;1
-24;7;25;1
-27;-9;14;1
-24;-3;31;1
-24;-3;31;1
-24;-3;31;1
-24;-3;31;1
-24;-3;31;1
-11;-13;23;1
-15;-16;28;1
-15;-16;28;1
-17;-3;22;1
-28;-28;18;1
-25;19;20;1
-25;19;20;1
-25;19;20;1
-25;19;20;1
-25;19;20;1
-25;19;20;1
-14;-18;28;1
-37;-3;16;1
-28;1;23;1
-17;-27;15;1
-17;-27;15;1
-17;-27;15;1
-28;6;17;1
-19;-2;19;1
-19;-2;19;1
-19;-2;19;1
-19;-2;19;1
-14;20;11;1
-24;-13;18;1
-24;-13;18;1
-24;-13;18;1
-24;-13;18;1
-24;-13;18;1
-24;-13;18;1
-24;-13;18;1
-24;-13;18;1
-24;-13;18;1
-24;-13;18;1
-24;-13;18;1
-24;-13;18;1
-24;-13;18;1
-28;6;10;1
-23;17;25;1
-23;17;25;1
-23;17;25;1
-23;17;25;1
-28;-21;16;1
-28;-21;16;1
-17;-6;33;1
-17;-6;33;1
-29;19;17;1
-29;19;17;1
-29;19;17;1
-29;19;17;1
-29;19;17;1
-29;19;17;1
-29;19;17;1
-21;-29;12;1
-21;-29;12;1
-35;9;13;1
-32;-9;9;1
-32;-9;9;1
-32;-9;9;1
-32;-9;9;1
-32;-9;9;1
-31;19;17;1
-31;19;17;1
-15;-17;28;1
-27;-24;17;1
-27;-24;17;1
-10;-15;30;1
-11;-18;19;1
-11;-18;19;1
-11;-18;19;1
-11;-18;19;1
-14;15;26;1
-14;15;26;1
-14;15;26;1
-14;15;26;1
-14;15;26;1
-25;3;17;1
-25;3;17;1
-19;3;20;1
-16;8;25;1
-13;-17;36;1
-13;-17;36;1
-13;-17;36;1
-13;-17;36;1
-13;-17;36;1
-13;-17;36;1
-13;-17;36;1
-13;-17;36;1
-23;4;26;1
-23;4;26;1
-23;4;26;1
-23;4;26;1
-23;4;26;1
-23;4;26;1
-21;13;28;1
-21;13;28;1
-21;13;28;1
-22;28;10;1
-22;28;10;1
-22;28;10;1
-22;28;10;1
-25;-13;20;1
-25;-13;20;1
-25;-13;20;1
-25;-13;20;1
-25;-13;20;1
-21;26;19;1
-21;26;19;1
-21;26;19;1
-21;26;19;1
-31;4;26;1
-33;11;23;1
-26;-6;23;1
-26;-6;23;1
-26;-6;23;1
-13;-8;24;1
-34;5;14;1
-34;5;14;1
-34;5;14;1
-34;5;14;1
-34;5;14;1
-34;5;14;1
-34;5;14;1
-34;5;14;1
-34;5;14;1
-34;5;14;1
-34;5;14;1
-34;5;14;1
-34;5;14;1
-34;5;14;1
-34;5;14;1
-24;8;25;1
-24;8;25;1
-24;8;25;1
-24;8;25;1
-24;8;25;1
-24;8;25;1
-24;8;25;1
-24;8;25;1
-24;8;25;1
-24;8;25;1
-24;8;25;1
-35;-13;16;1
-35;-13;16;1
-35;-13;16;1
-18;9;19;1
-27;7;21;1
-27;7;21;1
-27;7;21;1
-27;7;21;1
-27;7;21;1
-27;7;21;1
-22;-12;21;1
-22;-12;21;1
-22;-12;21;1
-34;-11;11;1
-34;-11;11;1
-21;-15;34;1
-22;8;13;1
-22;8;13;1
-22;8;13;1
-22;8;13;1
-22;8;13;1
-22;8;13;1
-26;22;18;1
-30;-12;20;1
-30;-12;20;1
-30;-12;20;1
-15;-22;28;1
-15;-22;28;1
-22;-13;17;1
-22;-13;17;1
-22;-13;17;1
-22;-13;17;1
-22;-13;17;1
-22;-13;17;1
-22;-13;17;1
-22;-13;17;1
-22;-13;17;1
-13;-11;21;1
-13;-11;21;1
-13;-11;21;1
-13;-11;21;1
-22;3;15;1
-22;3;15;1
-22;3;15;1
-22;3;15;1
-22;3;15;1
-22;3;15;1
-22;3;15;1
-22;3;15;1
-22;3;15;1
-22;3;15;1
-22;3;15;1
-22;3;15;1
-22;3;15;1
-31;10;9;1
-31;10;9;1
-31;10;9;1
-31;10;9;1
-31;10;9;1
-31;10;9;1
-31;10;9;1
-31;10;9;1
-31;10;9;1
-31;10;9;1
-31;10;9;1
-38;6;21;1
-38;6;21;1
-38;6;21;1
-38;6;21;1
-26;3;31;1
-17;-22;18;1
-29;7;8;1
-29;7;8;1
-29;7;8;1
-32;2;28;1
-32;2;28;1
-32;2;28;1
-32;2;28;1
-37;-13;19;1
-37;-13;19;1
-37;-13;19;1
-37;-13;19;1
-37;-13;19;1
-37;-13;19;1
-37;-13;19;1
-37;-13;19;1
-32;-8;19;1
-32;-8;19;1
-26;30;16;1
-14;-3;25;1
-25;26;23;1
-38;-14;12;1
-31;6;16;1
-20;-1;24;1
-37;-4;22;1
-37;-4;22;1
-37;-4;22;1
-27;17;27;1
-27;17;27;1
-34;5;12;1
-28;-4;25;1
-28;-4;25;1
-28;-4;25;1
-22;-8;27;1
-22;-8;27;1
-22;-8;27;1
-19;-23;20;1
-19;-23;20;1
-19;-23;20;1
-19;-23;20;1
-20;6;36;1
-20;6;36;1
-14;-22;29;1
-14;-22;29;1
-14;-22;29;1
-18;-31;20;1
-18;-31;20;1
-24;24;15;1
-26;-9;30;1
-26;-9;30;1
-18;-2;31;1
-18;-2;31;1
-34;8;16;1
-34;8;16;1
-34;8;16;1
-36;-1;22;1
-28;-24;20;1
-28;-24;20;1
-28;-24;20;1
-28;-24;20;1
-28;-24;20;1
-27;12;17;1
-20;3;18;1
-20;3;18;1
-20;3;18;1
-20;3;18;1
-20;3;18;1
-20;3;18;1
-20;3;18;1
-20;3;18;1
-20;3;18;1
-20;3;18;1
-20;3;18;1
-20;3;18;1
-19;14;18;1
-19;14;18;1
-19;14;18;1
-19;14;18;1
-14;11;26;1
-14;11;26;1
-14;11;26;1
-16;-14;36;1
-16;-14;36;1
-16;-14;36;1
-37;-7;15;1
-27;17;13;1
-23;-16;9;1
-23;-16;9;1
-31;-19;21;1
-31;-19;21;1
-31;-19;21;1
-31;-19;21;1
-11;8;34;1
-22;-9;17;1
-22;-9;17;1
-22;-9;17;1
-22;21;17;1
-33;-4;25;1
-33;-4;25;1
-33;-4;25;1
-10;-15;26;1
-10;-15;26;1
-10;-15;26;1
-10;-15;26;1
-10;-15;26;1
-10;-15;26;1
-10;-15;26;1
-30;-22;18;1
-30;-22;18;1
-19;5;31;1
-22;11;11;1
-22;11;11;1
-18;16;12;1
-18;16;12;1
-18;16;12;1
-18;16;12;1
-18;16;12;1
-18;16;12;1
-18;16;12;1
-18;16;12;1
-18;16;12;1
-18;16;12;1
-18;16;12;1
-18;16;12;1
-23;1;18;1
-23;1;18;1
-23;1;18;1
-21;17;17;1
-21;17;17;1
-35;-2;20;1
-35;-2;20;1
-35;-2;20;1
-35;-2;20;1
-35;-2;20;1
-35;-2;20;1
-35;-2;20;1
-24;5;15;1
-24;5;15;1
-24;5;15;1
-24;5;15;1
-24;5;15;1
-24;5;15;1
-24;5;15;1
-24;5;15;1
-24;5;15;1
-24;5;15;1
-24;5;15;1
-24;5;15;1
-24;5;15;1
-24;5;15;1
-24;5;15;1
-33;6;13;1
-33;6;13;1
-33;6;13;1
-33;6;13;1
-33;6;13;1
-36;2;11;1
-23;24;16;1
-26;-16;29;1
-24;3;25;1
-24;3;25;1
-24;3;25;1
-21;12;30;1
-21;12;30;1
-33;8;23;1
-33;8;23;1
-33;8;23;1
-33;8;23;1
-33;8;23;1
-33;8;23;1
-33;8;23;1
-30;-10;24;1
-30;-10;24;1
-30;-10;24;1
-30;-10;24;1
-30;-10;24;1
-21;-20;24;1
-21;-20;24;1
-21;-20;24;1
-34;3;15;1
-12;7;26;1
-12;7;26;1
-12;7;26;1
-18;-9;26;1
-31;18;10;1
-31;18;10;1
-31;18;10;1
-31;18;10;1
-31;18;10;1
-31;18;10;1
-31;18;10;1
-31;18;10;1
-32;-2;24;1
-32;-2;24;1
-20;5;22;1
-20;5;22;1
-15;21;18;1
-15;21;18;1
-15;21;18;1
-13;-11;32;1
-35;5;12;1
-31;0;14;1
-19;24;24;1
-26;-29;20;1
-26;-29;20;1
-26;-29;20;1
-30;2;31;1
-30;2;31;1
-30;2;31;1
-15;-23;30;1
-15;-23;30;1
-18;-10;34;1
-18;-10;34;1
-27;-4;33;1
-27;-4;33;1
-27;-4;33;1
-27;-4;33;1
-27;-4;33;1
-27;-4;33;1
-33;-8;20;1
-33;-8;20;1
-33;-7;19;1
-33;-7;19;1
-31;-11;25;1
-31;-11;25;1
-16;-4;27;1
-16;-4;27;1
-20;-30;17;1
-20;-30;17;1
-22;29;23;1
-19;23;10;1
-19;23;10;1
-19;23;10;1
-19;23;10;1
-28;11;12;1
-28;11;12;1
-28;11;12;1
-28;11;12;1
-28;11;12;1
-28;11;12;1
-28;11;12;1
-23;-19;31;1
-23;-19;31;1
-23;-19;31;1
-23;-19;31;1
-23;-19;31;1
-20;7;33;1
-20;7;33;1
-20;7;33;1
-31;3;9;1
-31;3;9;1
-31;3;9;1
-31;3;9;1
-39;1;18;1
-39;1;18;1
-39;1;18;1
-39;1;18;1
-17;-19;11;1
-17;-19;11;1
-17;-19;11;1
-17;-19;11;1
-17;-19;11;1
-17;-19;11;1
-17;-17;30;1
-25;-3;26;1
-25;-3;26;1
-24;19;14;1
-17;-10;19;1
-21;10;22;1
-25;23;18;1
-25;23;18;1
-13;-22;34;1
-19;-22;15;1
-19;-22;15;1
-31;8;10;1
-31;8;10;1
-31;8;10;1
-31;8;10;1
-31;8;10;1
-28;5;16;1
-28;5;16;1
-28;5;16;1
-28;5;16;1
-15;22;14;1
-21;1;26;1
-21;1;26;1
-21;1;26;1
-21;1;26;1
-9;-13;23;1
-9;-13;23;1
-9;-13;23;1
-9;-13;23;1
-9;-13;23;1
-9;-13;23;1
-9;-13;23;1
-9;-13;23;1
-9;-13;23;1
-25;-23;14;1
-25;-23;14;1
-25;-23;14;1
-25;-23;14;1
-25;-23;14;1
-19;-16;30;1
-19;-16;30;1
-22;-25;17;1
-22;-25;17;1
-30;-7;18;1
-29;-27;18;1
-29;-27;18;1
-32;-8;22;1
-28;3;8;1
-28;3;8;1
-28;3;8;1
-22;20;24;1
-15;-8;21;1
-15;-8;21;1
-15;-8;21;1
-30;-3;25;1
-30;-3;25;1
-30;-3;25;1
-30;-3;25;1
-30;-3;25;1
-30;-3;25;1
-30;-3;25;1
-29;14;10;1
-33;6;12;1
-33;6;12;1
-33;6;12;1
-26;-7;26;1
-26;-7;26;1
-26;-7;26;1
-14;-14;32;1
-14;-14;32;1
-14;-14;32;1
-24;-25;15;1
-24;-25;15;1
-24;-25;15;1
-24;-25;15;1
-24;-25;15;1
-24;-25;15;1
-24;-25;15;1
-24;-25;15;1
-24;-25;15;1
-24;-25;15;1
-24;-25;15;1
-24;-25;15;1
-24;-25;15;1
-24;-25;15;1
-24;-25;15;1
-24;-25;15;1
-24;-25;15;1
-24;-25;15;1
-24;-25;15;1
-24;-25;15;1
-24;-25;15;1
-28;1;28;1
-21;21;8;1
-23;-20;31;1
-23;-20;31;1
-23;-20;31;1
-27;-12;27;1
-27;-12;27;1
-31;-3;10;1
-30;27;16;1
-30;27;16;1
-30;27;16;1
-30;27;16;1
-30;27;16;1
-32;-7;21;1
-25;-16;27;1
-25;-16;27;1
-25;-16;27;1
-25;-16;27;1
-25;-16;27;1
-25;-16;27;1
-25;30;16;1
-25;30;16;1
-25;30;16;1
-30;14;13;1
-30;14;13;1
-30;14;13;1
-29;19;14;1
-29;19;14;1
-29;23;15;1
-29;23;15;1
-27;-23;21;1
-27;-23;21;1
-27;-23;21;1
-27;-23;21;1
-27;-23;21;1
-17;28;25;1
-12;-4;31;1
-12;-4;31;1
-12;-4;31;1
-12;-4;31;1
-28;10;8;1
-28;10;8;1
-12;-5;24;1
-12;-5;24;1
-12;-5;24;1
-26;20;25;1
-26;20;25;1
-18;-19;11;1
-18;-19;11;1
-18;-19;11;1
-20;-16;13;1
-20;-16;13;1
-20;-16;13;1
-20;-16;13;1
-26;20;26;1
-26;20;26;1
-26;20;26;1
-26;20;26;1
-29;10;25;1
-27;-4;30;1
-15;-25;9;1
-15;-25;9;1
-15;-25;9;1
-15;-25;9;1
-30;-27;15;1
-30;-27;15;1
-30;-27;15;1
-24;-15;18;1
-24;-15;18;1
-23;-4;17;1
-23;-4;17;1
-23;-4;17;1
-23;-4;17;1
-32;-4;11;1
-16;-2;27;1
-16;-2;27;1
-13;-15;26;1
-13;-15;26;1
-18;-6;34;1
-18;-6;34;1
-18;-6;34;1
-18;-6;34;1
-18;-6;34;1
-18;-6;34;1
-18;-6;34;1
-18;-6;34;1
-18;-6;34;1
-18;-6;34;1
-18;-6;34;1
-18;16;19;1
-18;16;19;1
-31;7;19;1
-31;7;19;1
-31;7;19;1
-31;7;19;1
-31;7;19;1
-20;12;19;1
-20;12;19;1
-20;12;19;1
-28;-24;10;1
-28;-24;10;1
-28;-24;10;1
-37;-7;18;1
-37;-7;18;1
-37;-7;18;1
-25;10;22;1
-37;-6;22;1
-37;-6;22;1
-37;-6;22;1
-37;-6;22;1
-17;17;13;1
-17;17;13;1
-17;17;13;1
-26;8;20;1
-26;8;20;1
-26;8;20;1
-15;-15;29;1
-33;5;14;1
-33;5;14;1
-33;5;14;1
-33;5;14;1
-33;5;14;1
-33;5;14;1
-33;5;14;1
-33;5;14;1
-33;5;14;1
-33;5;14;1
-33;5;14;1
-30;10;22;1
-22;4;26;1
-24;8;14;1
-24;8;14;1
-24;8;14;1
-24;17;13;1
-24;-23;19;1
-24;-23;19;1
-24;-23;19;1
-24;-23;19;1
-24;-23;19;1
-19;9;23;1
-19;9;23;1
-33;-11;19;1
-33;-11;19;1
-21;12;28;1
-21;12;28;1
-25;-25;18;1
-25;-25;18;1
-25;-25;18;1
-19;21;11;1
-19;21;11;1
-36;-20;15;1
-36;-20;15;1
-36;-20;15;1
-36;-20;15;1
-36;-20;15;1
-36;-20;15;1
-36;-20;15;1
-20;1;25;1
-20;1;25;1
-16;18;32;1
-16;18;32;1
-16;18;32;1
-16;18;32;1
-16;18;32;1
-16;18;32;1
-26;-1;20;1
-20;8;20;1
-20;8;20;1
-23;8;31;1
-23;8;31;1
-23;8;31;1
-23;8;31;1
-23;8;31;1
-33;-10;22;1
-33;-10;22;1
-33;-10;22;1
-33;-10;22;1
